email,first_name,last_name,full_name,phone,city,state,total_visits,total_spent,last_visit,status
mark@mossglobal.com,Mark,Moss,Mark Moss,+19493381478,,,2,1932.28,2024-06-05,unknown
lanarealtorabc@gmail.com,Lana,Realtor,Lana Realtor,+14074501380,,,5,1818.0,2024-09-10,unknown
admin@southparkcottages.com,southparkcottages,Client,southparkcottages Client,,,,2,1570.0,2023-08-04,unknown
sacreduprising@gmail.com,Rebeka,Tabobondung,Rebeka Tabobondung,+16479661474,,,2,1493.5,2026-02-08,unknown
finance@mindbodygreen.com,Douglas,Kennedy,Douglas Kennedy,+15616792524,,,2,1000.0,2025-11-20,unknown
realjorgeflorez@gmail.com,Jorge,Florez,Jorge Florez,,,,2,1000.0,2024-08-07,unknown
dana.freyman@yahoo.com,Dana,Freyman,Dana Freyman,+14072524312,LONGWOOD,FL,55,773.0,2022-06-01,unknown
tith_k@yahoo.com,Tith,Kong,Tith Kong,,,,59,768.0,2022-06-01,unknown
castellani2@gmail.com,David,Castellani,David Castellani,+18474145665,,,2,710.12,2024-05-07,unknown
jarrettpellicane27@gmail.com,Jarrett,Pellicane,Jarrett Pellicane,+16318383895,,,40,604.0,2022-03-24,unknown
michael.barbosa@hotmail.com,Michael,Barbosa,Michael Barbosa,+17189244265,,,39,517.0,2023-11-24,unknown
jorgelizonde@gmail.com,Koki,Lizonde,Koki Lizonde,,,,1,500.0,2023-08-04,unknown
antoniocamelo927@gmail.com,Antonio,Camelo,Antonio Camelo,+19296103658,,,26,494.0,2022-03-31,unknown
miadbesm@gmail.com,MIGUEL,BASHI,MIGUEL BASHI,+51999063376,,,25,478.0,2022-05-19,unknown
leonitussolomon337@hotmail.com,Leonitus,Solomon,Leonitus Solomon,,,,31,471.0,2022-04-14,unknown
realtor.wendolyq@gmail.com,Wendoly,Quinones,Wendoly Quinones,+14075918170,,,1,460.0,2026-01-30,unknown
margaritam122407@gmail.com,Margarita,,Margarita,+14075555669,,,2,426.0,2021-05-25,unknown
zacevedo2207@gmail.com,Zenaida,Acevedo,Zenaida Acevedo,,,,1,426.0,2022-03-09,unknown
stancrede21@gmail.com,Sukaina,Tancrede,Sukaina Tancrede,+17867180653,,,30,392.0,2021-09-16,unknown
jasonc62492@gmail.com,Jason,Cardenas,Jason Cardenas,+14073989333,,,22,380.0,2022-06-02,unknown
n.monge1015@yahoo.com,Nadya,Monge,Nadya Monge,+13214125622,,,22,363.0,2023-07-27,unknown
kmythology@gmail.com,Kibwe,Williamson,Kibwe Williamson,+14073091592,Apopka,FL,20,337.0,2023-11-25,unknown
aarher.2005@gmail.com,Aaron,Hernandez,Aaron Hernandez,+18152175166,,,25,335.0,2023-05-26,unknown
paolacsierrac@gmail.com,Paola,Sierra,Paola Sierra,+14076247718,,,1,310.0,2026-02-09,unknown
oracleruby@gmail.com,Maria,Olivero,Maria Olivero,+16174477444,,,3,305.0,2021-06-15,unknown
melany_peters@yahoo.com,Melany,Henry,Melany Henry,+14126896008,,,18,302.0,2022-03-16,unknown
joseph@idigitalstrategies.com,Joseph,Mohay,Joseph Mohay,+13053101533,,,11,300.0,2022-05-12,unknown
burgos.w.julio@gmail.com,Wellington,Burgos,Wellington Burgos,+14072720132,,,2,300.0,2021-05-02,unknown
brandonthachrph@gmail.com,Brandon,Thach,Brandon Thach,+13524570969,,,3,275.0,2025-06-17,unknown
tidwell88catherine@gmail.com,Catherine,Tidwell,Catherine Tidwell,+17243884989,,,20,273.0,2023-11-24,unknown
tyrawilson134@gmail.com,Tyra,Wilson,Tyra Wilson,,,,13,272.25,2021-11-24,unknown
litopm@gmail.com,Lito,Manangu,Lito Manangu,+14073765624,,,7,265.0,2023-11-24,subscribed
charles.heyligen@cbrealty.com,Charles,Heyligen,Charles Heyligen,+19545990816,,,1,260.0,2025-12-31,unknown
tanonganswana@gmail.com,Tanonga Nswana,(Tbwoy),Tanonga Nswana (Tbwoy),+14074458932,,,1,250.0,2023-08-04,unknown
saralong4300@hotmail.com,Sara,Long,Sara Long,+14076176537,,,13,241.0,2022-04-21,unknown
23junio1971@gmail.com,Rory,Bryant,Rory Bryant,,,,13,240.0,2021-12-16,unknown
ayumi2391@gmail.com,Ayumi,Manawadu,Ayumi Manawadu,+15099646527,,,2,240.0,2025-08-20,unknown
mireyagui@yahoo.com,Mireya,Guillaume,Mireya Guillaume,+14079630023,,,1,240.0,2021-05-31,unknown
wltlee337@hotmail.com,Lee,Torrellas,Lee Torrellas,,,,16,227.0,2021-08-25,unknown
nathan_broyles@hotmail.com,Nathan,Broyles,Nathan Broyles,+13215432638,,,24,227.0,2021-08-04,unknown
universalboxing24@yahoo.com,Stephanie,Flores-Rivera,Stephanie Flores-Rivera,+13472619647,,,3,212.0,2021-02-04,unknown
agham12@yahoo.com,Sach,Khanna,Sach Khanna,+17862470377,,,12,208.0,2023-09-23,unknown
pluto0313@aol.com,Alejandro,Luna,Alejandro Luna,,,,16,198.0,2022-05-11,unknown
jdkadius@gmail.com,Jason,Dai,Jason Dai,,,,14,192.0,2021-08-24,unknown
famlopez1970@gmail.com,Javier,Lopez,Javier Lopez,,,,9,172.0,2022-01-27,unknown
maglonsdorfer@yahoo.com,Magali,Lonsdorfer,Magali Lonsdorfer,,,,12,169.0,2023-08-22,unknown
perez4138@yahoo.com,Christian,Perez,Christian Perez,+13214028971,,,1,159.75,2021-11-07,unknown
velindaa7@gmail.com,Velinda,Valentin,Velinda Valentin,,,,8,159.0,2021-10-07,unknown
shayhopkins@gmail.com,Dodie,Hopkins,Dodie Hopkins,+14693949205,,,12,157.0,2021-08-12,unknown
taylor218.td@gmail.com,Taylor,Dantin,Taylor Dantin,+19852327411,,,11,157.0,2022-06-01,unknown
ketzairac@gmail.com,Ketzaira,Cepeda,Ketzaira Cepeda,+14074163789,,,10,155.0,2022-03-31,unknown
hakatre@gmail.com,Lance,Stephens,Lance Stephens,,,,6,155.0,2021-09-16,unknown
mbmrey@icloud.com,Marie,Reyes,Marie Reyes,+12026041892,,,4,150.0,2024-04-07,unknown
jhomgwapo@yahoo.com,Jomar,Aurelio,Jomar Aurelio,+15612836744,,,2,145.0,2025-08-22,subscribed
joseomarperez@hotmail.com,Jose,Perez,Jose Perez,,,,7,141.0,2021-06-12,unknown
tulsiramraj7@gmail.com,Randy,Tulsiram,Randy Tulsiram,+13477923312,,,4,135.0,2022-05-26,unknown
bryantdlong@gmail.com,Bryant,Long,Bryant Long,+13522317405,,,6,127.0,2022-03-15,unknown
hibravidu@gmail.com,Hibrahim,Villarreal,Hibrahim Villarreal,+19412423406,,,7,127.0,2022-06-02,unknown
marlowerose@gmail.com,Marlowe,Rosenbaum,Marlowe Rosenbaum,,,,6,127.0,2021-09-15,unknown
shayrsolarez@gmail.com,Sheila,Solarez,Sheila Solarez,+14018081104,,,4,125.0,2021-04-01,unknown
dashahp5@gmail.com,Dasha,Loguntsova,Dasha Loguntsova,+19165488961,,,6,124.0,2021-06-24,unknown
joseph_mohay@yahoo.com,Joseph,Mohay,Joseph Mohay,+13053101533,,,4,121.0,2022-06-01,unknown
3000celina@gmail.com,,,,+18134517457,,,1,120.0,2025-01-22,unknown
msnchez@aol.com,Milton,Sanchez,Milton Sanchez,+17145618320,,,7,118.0,2023-11-25,unknown
cahill.mjc@gmail.com,mike,cahill,mike cahill,+14074352548,,,8,114.0,2022-03-03,unknown
bankek@gmail.com,Krysta,Banke,Krysta Banke,+15852026157,Tampa,FL,4,110.0,2024-03-03,unknown
chris@808multimedia.com,christopher,weerts,christopher weerts,+14143058507,,,5,109.0,2023-10-09,unknown
cinmargonz@gmail.com,Cynthia,Sosa,Cynthia Sosa,+17276865177,,,9,108.0,2021-07-18,unknown
tiffanyamorosorn@gmail.com,Tiffany,Amoroso,Tiffany Amoroso,+12073470322,,,2,104.75,2022-03-06,unknown
iica.jess@gmail.com,Yingnan,Zhang,Yingnan Zhang,+13866905210,,,6,103.8,2022-04-06,unknown
resendiz.christopher68w@gmail.com,Christopher,Resendiz,Christopher Resendiz,+18638851377,,,6,101.0,2021-05-27,unknown
mysticarts101@yahoo.com,Michael,Glass,Michael Glass,+14079702907,,,7,101.0,2022-05-04,unknown
tammy62966@yahoo.com,tamara,pantaleon,tamara pantaleon,+14077974350,apopka,FL,9,101.0,2020-11-23,unknown
mgrdc01@gmail.com,Manuel,Ramirez,Manuel Ramirez,,,,2,100.0,2020-02-28,unknown
rafaelalicea04@gmail.com,Rafael,Alicea,Rafael Alicea,+13865695795,,,1,100.0,2024-04-06,unknown
rodriguez0326@icloud.com,Jonathan,Rodriguez,Jonathan Rodriguez,+13862205312,,,7,99.0,2023-11-24,unknown
clemtwum@gmail.com,Clement,Twumasi,Clement Twumasi,+14046479881,,,7,98.0,2023-11-24,unknown
spicyac3@gmail.com,Paprika,Penari,Paprika Penari,+14079694616,,,8,98.0,2022-01-06,unknown
wasabikatt@gmail.com,Cathy,Sines,Cathy Sines,,,,2,95.0,2021-07-24,unknown
pudelej@gmail.com,Joseph,pudele,Joseph pudele,+14073190766,,,7,94.0,2021-09-01,unknown
aprildhurt@gmail.com,April,Trinidad,April Trinidad,+14079679987,,,6,92.0,2022-06-02,unknown
salsaheat2012@gmail.com,Nilo,Veloz,Nilo Veloz,+14076923661,,,8,92.0,2021-10-06,unknown
aasher2k@gmail.com,,,,,,,9,92.0,2021-08-25,unknown
anastase.jesse@gmail.com,Jesse,Anastase,Jesse Anastase,,Gainesville,FL,5,89.0,2020-02-01,unknown
zuleika.torresm@gmail.com,Zuleika,Torres,Zuleika Torres,+14077011106,,,6,88.0,2023-10-26,unknown
ajade1013@live.com,Amanda,Jade,Amanda Jade,+14079136894,,,4,87.0,2022-04-07,unknown
cang2@hotmail.com,Angelica,Cabrales,Angelica Cabrales,+14079275733,,,8,87.0,2019-04-21,unknown
shay.fw0023@gmail.com,Shay,W,Shay W,+14058754868,,,6,87.0,2022-01-22,unknown
madmike717@gmail.com,Michael,Chadwick,Michael Chadwick,+19739798945,,,3,87.0,2021-08-26,unknown
ross4414@hotmail.com,Donald,Ross,Donald Ross,+15038677200,,,2,85.0,2024-04-06,unknown
a_dass1@hotmail.com,Ricky,Dass,Ricky Dass,+17327700611,,,5,85.0,2021-10-21,unknown
genpharm22@gmail.com,Brett,Lennon,Brett Lennon,+13213313924,,,6,84.0,2022-06-01,unknown
melodi.miller@gmail.com,Melodi,Miller,Melodi Miller,+19499106244,,,11,81.0,2023-11-24,unknown
laurie.fergusonn@gmail.com,Laurie,Ferguson,Laurie Ferguson,+18132935842,,,2,80.0,2021-06-20,unknown
ryan6628@msn.com,Ryan,Dalchand,Ryan Dalchand,+14075903740,,,3,80.0,2021-04-12,unknown
golivo813@gmail.com,George,Olivo,George Olivo,+18136962727,,,4,78.0,2021-03-11,unknown
jonathanjaner2@hotmail.com,Jhonathan,janer,Jhonathan janer,+14077298689,,,5,78.0,2021-06-19,unknown
col_girl71@yahoo.com,Linda,Turner,Linda Turner,+14075922979,,,6,78.0,2023-10-27,unknown
iadanza17@gmail.com,Ispa,Iadanza,Ispa Iadanza,,,,7,77.0,2019-01-13,unknown
marilyn.castell27@gmail.com,Marilin,Gutierrez,Marilin Gutierrez,+14073007081,,,5,77.0,2022-05-24,unknown
patrickvwelch@yahoo.com,Patrick,Welch,Patrick Welch,,,,5,77.0,2021-12-15,unknown
andregracia1216@gmail.com,Andre,Gracia,Andre Gracia,,,,4,76.0,2023-10-28,unknown
cindyalvarez527@gmail.com,Cindy,Alvarez,Cindy Alvarez,,,,2,76.0,2019-10-22,unknown
erickdaguero98@gmail.com,Erick,Aguero,Erick Aguero,,,,5,76.0,2022-03-31,unknown
ajesqtx@gmail.com,Alexander,Esqueda,Alexander Esqueda,+16197081738,,,2,75.0,2024-06-25,unknown
christkendall@gmail.com,Christine,Kendall,Christine Kendall,,,,3,75.0,2021-05-27,unknown
ottis3@icloud.com,Dag,Gadder,Dag Gadder,,,,1,75.0,2021-07-30,unknown
arana_dj@yahoo.com,DJ,ARANA,DJ ARANA,+14072183757,,,6,75.0,2021-07-21,unknown
williamarce@ymail.com,William,Arce,William Arce,+19044837006,,,1,75.0,2021-07-27,unknown
yguenov@gmail.com,Yanni,Guenov,Yanni Guenov,,,,3,74.0,2023-09-22,unknown
enriquecapella@gmail.com,Luis,Capella,Luis Capella,,,,5,72.0,2018-12-22,unknown
ain5053@gmail.com,Anastasia,Nikolaeva,Anastasia Nikolaeva,,,,6,70.0,2018-10-21,unknown
geminis0427@yahoo.com,Carmen,Vergara,Carmen Vergara,,,,2,70.0,2021-05-13,unknown
lizzynov13@aol.com,Elizabeth,Torres,Elizabeth Torres,+14072555321,,,5,70.0,2021-04-04,unknown
fredy1sun@gmail.com,Fredy,Suni,Fredy Suni,+18136062557,,,1,70.0,2024-03-31,unknown
camachohh1@outlook.com,Hector,Camacho,Hector Camacho,,,,1,70.0,2021-05-20,unknown
sorianoj424@gmail.com,Jose,Soriano,Jose Soriano,+18562619325,,,5,70.0,2021-12-23,unknown
lschmidt311@verizon.net,Lilliana,Pietri,Lilliana Pietri,+18136791213,,,1,70.0,2021-06-05,unknown
chill_la3@yahoo.com,Roy,Harris,Roy Harris,+12259533417,,,2,70.0,2021-06-19,unknown
alondra.ntorress@gmail.com,Alondra,Torres,Alondra Torres,+16149724502,,,5,68.0,2022-04-28,unknown
calvinjmcknight@gmail.com,Calvin,McKnight,Calvin McKnight,+13215378740,,,4,68.0,2021-06-03,unknown
christianjcasal@gmail.com,Christian,Casalduc,Christian Casalduc,+12398395731,,,3,68.0,2023-09-22,unknown
samantharoach90@gmail.com,Samantha,Roach,Samantha Roach,,,,3,68.0,2020-01-01,unknown
energy.healing.sd@gmail.com,Seema,Dedhia,Seema Dedhia,+15172141809,Orlando,FL,8,67.36,2020-12-21,unknown
sgandhi017@gmail.com,Gurvinder,Gandhi,Gurvinder Gandhi,+13219454477,Orlando,FL,2,65.0,2020-01-19,unknown
inkush@gmail.com,Inna,Malkin,Inna Malkin,+14074320290,Orlando,FL,4,65.0,2020-01-19,unknown
elise.galeano@gmail.com,Katalina,Galeano,Katalina Galeano,+14079635825,,,3,65.0,2023-10-28,unknown
ramirezblanco123@gmail.com,Leonardo,Ramirez,Leonardo Ramirez,+12702504644,,,4,65.0,2022-04-28,unknown
mtaylor5986@gmail.com,Matthew,Taylor,Matthew Taylor,+14076332677,,,5,64.0,2021-12-01,unknown
georgiaby@yahoo.com,Georgia,Young,Georgia Young,+15414888868,,,5,63.0,2021-06-18,unknown
ntv_t@yahoo.com,Natalya,Rehler,Natalya Rehler,,,,5,63.0,2020-01-01,unknown
hineschristian211@gmail.com,Christian,Hines,Christian Hines,+18137120074,,,4,62.0,2021-04-11,unknown
pablolorenzo@live.com,Pablo,Lorenzo,Pablo Lorenzo,+15616017488,,,3,62.0,2022-03-17,unknown
al@alcourymagic.com,Al,Coury,Al Coury,+14072347539,,,10,60.0,2023-10-27,unknown
chayma.tika.94@hotmail.com,Chayma,Tika,Chayma Tika,+13213150510,,,3,60.0,2021-01-08,unknown
oketab13@gmail.com,Oketa,Basha,Oketa Basha,+15613317995,,,3,60.0,2022-05-26,unknown
lcruz64@gmail.com,Rob,Cruz,Rob Cruz,+18139909856,,,1,60.0,2022-02-06,unknown
yulasylphide@gmail.com,Yulia,Shevchenko,Yulia Shevchenko,+17274922829,,,1,60.0,2020-11-15,unknown
alflores51@hotmail.com,Angel,Flores,Angel Flores,+18133171383,,,3,59.0,2023-10-15,unknown
tymarie98@gmail.com,Tyler-Marie,Sims,Tyler-Marie Sims,+13862169256,,,4,59.0,2023-11-25,unknown
lexrado95@gmail.com,Alexis,Alvarado,Alexis Alvarado,+14077258423,,,5,57.0,2021-10-27,unknown
chandhazelton@gmail.com,Chandlar,Hazelton,Chandlar Hazelton,,,,4,57.0,2019-02-17,unknown
patrickvwelch@gmail.com,PATRICK,V WELCH,PATRICK V WELCH,+14074219428,,,4,57.0,2021-10-13,unknown
traya002@fiu.edu,Tiffany,Rayan,Tiffany Rayan,+14079279354,,,4,57.0,2020-12-10,unknown
iamsohim@gmail.com,Cortez,Hendryx,Cortez Hendryx,+14043576736,Casselberry,FL,4,56.0,2022-04-06,unknown
teamcarespotter@gmail.com,Darren,Wendroff,Darren Wendroff,+14074312214,,,4,56.0,2022-05-19,unknown
sgrafeld@gmail.com,Shanna,Grafeld,Shanna Grafeld,+18086280585,,,3,56.0,2022-02-23,unknown
dominicanstudent16@gmail.com,Edgar,Vasquez-Santana,Edgar Vasquez-Santana,+17025178598,,,3,55.0,2022-05-19,unknown
farrinwigfall@gmail.comf,Farrin,Wigfall,Farrin Wigfall,+16154299804,,,4,55.0,2022-06-02,unknown
bankoleibukun@yahoo.com,Immanuel,Bankole,Immanuel Bankole,,,,2,55.0,2022-06-01,unknown
ljwarr2@gmail.com,Larry,Warren,Larry Warren,+13522817707,,,4,55.0,2022-03-16,unknown
madyandrade5@gmail.com,Madelyne,Andrade,Madelyne Andrade,+13216038015,,,3,55.0,2021-07-28,unknown
clarktallyn@gmail.com,Tallyn,Clark,Tallyn Clark,+17025332085,,,5,55.0,2021-10-28,unknown
xamara.facundo@gmail.com,Xamara,Facundo,Xamara Facundo,+17577693540,,,3,55.0,2022-04-07,unknown
john@johnwatkis.com,John,Watkis,John Watkis,+14074889715,,,4,54.0,2021-11-17,unknown
andreabermudezp12@gmail.com,Andrea,Bermudez,Andrea Bermudez,+14075567683,,,9,53.0,2022-03-13,unknown
conroy.smth@gmail.com,conroy,smith,conroy smith,+15612140901,,,5,52.0,2021-08-04,unknown
emojica06@gmail.com,Evelyn,Mojica,Evelyn Mojica,,,,4,52.0,2019-04-21,unknown
myrealtoralena@gmail.com,Alena,Rivera,Alena Rivera,+15075316010,,,1,50.0,2021-06-19,unknown
amanda.m.young1@gmail.com,Amanda,Young,Amanda Young,+18133524490,,,2,50.0,2025-05-28,subscribed
menifeecary@gmail.com,Cary,Menifee,Cary Menifee,+13523180786,,,1,50.0,2024-03-23,unknown
xxquizit16@aol.com,Cherisse,Abasali,Cherisse Abasali,+13472681906,Tampa,,2,50.0,2025-05-29,subscribed
dangramirez@aol.com,Dani,Gomes,Dani Gomes,+13212743817,,,3,50.0,2022-04-28,unknown
castillojd2@gmail.com,Jose,castillo,Jose castillo,+14075160547,,,1,50.0,2019-04-05,unknown
sandydoumet1@icloud.com,Deiby,Doumet,Deiby Doumet,+14079491994,,,1,50.0,2023-10-04,unknown
ross.4414@hotmail.com,Donald,Ross,Donald Ross,+15038677200,,,1,50.0,2024-04-07,unknown
gdechristo@gmail.com,Gabriel,Dechristo,Gabriel Dechristo,,,,1,50.0,2020-11-21,unknown
dtrang452@yahoo.com,Hong,Pham,Hong Pham,+14074562751,,,1,50.0,2021-08-24,unknown
ivelissefontanez33@gmail.com,Ivy,Fontanez,Ivy Fontanez,,,,2,50.0,2021-01-07,unknown
jacobazampella@gmail.com,Jacob,Zampella,Jacob Zampella,,,,1,50.0,2019-08-30,unknown
richmanjeremy@yahoo.com,Jeremy,Richman,Jeremy Richman,+12037060735,,,4,50.0,2021-08-26,unknown
jamzx1994@hotmail.com,Joshua,Murray,Joshua Murray,+12293759975,,,2,50.0,2024-03-15,unknown
kvance86@gmail.com,Kaylee,Vance,Kaylee Vance,+17576204731,,,3,50.0,2022-05-03,unknown
mnavarrosoris@gmail.com,Maykel,Navarro,Maykel Navarro,+18138931197,,,1,50.0,2024-04-06,unknown
socermit@yahoo.com,Mei-Ling,Bermudez,Mei-Ling Bermudez,+17875332033,,,2,50.0,2021-01-10,unknown
andypineiro97@gmail.com,Melissa,Schmidt,Melissa Schmidt,+18133639495,,,1,50.0,2024-03-03,unknown
padronoemi@gmail.com,Noemi,Padron,Noemi Padron,+17275506625,,,1,50.0,2024-04-07,unknown
pinovisual@gmail.com,Oscar,Pino,Oscar Pino,+17542017588,,,2,50.0,2022-02-06,unknown
lebron.ruben@yahoo.com,Ruben,Lebron,Ruben Lebron,+17874495037,,,1,50.0,2021-09-08,unknown
sanemyilmazz99@gmail.com,Sanem,Yilmaz,Sanem Yilmaz,+18133404940,,,1,50.0,2024-03-03,unknown
vgcadena@gmail.com,Valerie,Cadena,Valerie Cadena,+17873172296,Pinellas Park,,2,50.0,2025-05-29,subscribed
vdrector@yahoo.com,Veronica,Rector,Veronica Rector,+18139538967,,,1,50.0,2024-03-05,unknown
wilfredo.vazquez-pineiro@va.gov,Wilfredo,Vazquez-Pineiro,Wilfredo Vazquez-Pineiro,+17865974435,,,1,50.0,2023-10-14,unknown
marjoriepinausa@gmail.com,,,,+18135399472,,,1,50.0,2024-06-27,unknown
nancynguyen305@gmail.com,,,,+15089618886,,,1,50.0,2024-06-23,unknown
nehivagomez@gmail.com,,,,+18135731151,,,1,50.0,2024-06-27,unknown
xoxoidancexoxo@gmail.com,Meagan,Falconer,Meagan Falconer,+14077912898,Kissimmee,FL,4,49.0,2020-01-31,unknown
tithkong@gmail.com,tith,kong,tith kong,+17164303510,,,3,49.0,2021-12-09,unknown
annameerson@yahoo.com,Anna,Meerson,Anna Meerson,+13868642313,,,2,48.0,2022-02-23,unknown
oria32826@gmail.com,Gabe,Oria,Gabe Oria,+17728072233,,,2,48.0,2021-10-13,unknown
juliana.coronado15@gmail.com,Juliana,Coronado,Juliana Coronado,+14076835326,,,3,47.0,2022-06-02,unknown
tbiles78@gmail.com,Troy,Biles,Troy Biles,+14074088105,,,3,47.0,2022-02-10,unknown
teampansobao@gmail.com,Jorge,Rivera,Jorge Rivera,+14072181836,,,2,46.0,2021-04-10,unknown
tigerhawk973@yahoo.com,Andrew,Heller,Andrew Heller,,,,4,45.0,2018-10-21,unknown
cear1@comcast.net,Brad,Wallace,Brad Wallace,+19043054131,,,2,45.0,2022-06-02,unknown
tinyboogie@hotmail.com,Conny,Ruiz,Conny Ruiz,+17865054004,,,2,45.0,2022-06-01,unknown
debbie.joudrey@gmail.com,Deborah,Joudrey,Deborah Joudrey,+18134686411,,,1,45.0,2021-06-06,unknown
donna.kmec@gmail.com,Donna,Kmec,Donna Kmec,+17275399944,,,2,45.0,2022-05-19,unknown
jmfluitt2017@gmail.com,Jessamyn,Fluitt,Jessamyn Fluitt,,,,2,45.0,2019-03-17,unknown
erc4u387@hotmail.com,Eric,Anderson,Eric Anderson,,,,2,44.0,2019-03-02,unknown
nadiarobeson@gmail.com,Nadia,Robeson,Nadia Robeson,+15209905062,,,2,43.0,2022-05-26,unknown
kathy.molnar@yahoo.com,Kat,Molnar,Kat Molnar,+14077617304,,,3,41.0,2023-11-24,unknown
ruckeraaron@yahoo.com,Aaron,Rucker,Aaron Rucker,,,,1,40.0,2020-12-09,unknown
beatrice@synergyballroomlatin.com,Beatrice,Lopez,Beatrice Lopez,+18133685984,,,1,40.0,2020-08-24,unknown
biancamiam@gmail.com,Bianca,Mota,Bianca Mota,+17725328216,,,2,40.0,2022-02-17,unknown
caribarram@gmail.com,Carol,Ibarra,Carol Ibarra,+14076660000,,,2,40.0,2022-02-03,unknown
cfc106@gmail.com,Christopher,Chung,Christopher Chung,,,,2,40.0,2023-05-27,unknown
danprattco@aol.com,Daniel,Pratt,Daniel Pratt,+14076194230,,,2,40.0,2021-12-29,unknown
genesismp7@gmail.com,Genessis,Cisnero,Genessis Cisnero,,,,3,40.0,2019-09-14,unknown
jenn.sanchez.88@gmail.com,Jennifer,Sanchez,Jennifer Sanchez,+14076191030,,,3,40.0,2021-06-20,unknown
magan777@gmail.com,Kendal,Lafayette,Kendal Lafayette,+13219476107,,,1,40.0,2022-03-10,unknown
livethedance@yahoo.com,Maria,Valente,Maria Valente,,,,2,40.0,2018-11-18,unknown
pananabeel@gmail.com,Melissa,Joseph,Melissa Joseph,,,,4,40.0,2017-11-25,unknown
rioogrand66@gmail.com,Rafael,Rios,Rafael Rios,+18137502270,,,1,40.0,2024-10-04,unknown
thomastrejo89@gmail.com,Thomas,Trejo,Thomas Trejo,,,,1,40.0,2019-07-27,unknown
vazfl2001@icloud.com,Trinidad,Vazquez,Trinidad Vazquez,+15613297118,,,1,40.0,2024-09-25,unknown
gorillazgoods@gmail.com,,,,+17279673974,,,1,40.0,2025-01-23,subscribed
kevin1994@me.com,,,,+16465491732,,,1,40.0,2025-01-22,subscribed
vrivera35@gmail.com,,,,,,,1,40.0,2021-04-11,unknown
ssadams2185@gmail.com,Selena,Pinzon,Selena Pinzon,,,,2,39.0,2019-03-17,unknown
jcuello809@gmail.com,Jean,Cuello,Jean Cuello,+14077380647,,,3,38.0,2021-04-09,unknown
kristyariel94@gmail.com,Kristy,Gonzalez,Kristy Gonzalez,+12014506171,Summerville,SC,3,38.0,2020-02-01,unknown
mmarcant@yahoo.com,Maria,Marcantonio,Maria Marcantonio,+17036265351,,,2,38.0,2021-06-20,unknown
marissajackson87@gmail.com,Marissa,Jackson,Marissa Jackson,+13174743092,,,2,38.0,2023-09-23,unknown
jorginhoguzman@aol.com,Jorge,G,Jorge G,+18138048780,,,3,37.0,2021-10-20,unknown
maia.andresa@gmail.com,Andresa,Maia,Andresa Maia,+13104182432,,,1,36.0,2022-02-02,unknown
1982cebaccus@gmail.com,Charlotte,Baccus,Charlotte Baccus,+17543011907,,,2,36.0,2021-05-26,unknown
dfletch444@gmail.com,Dario,Fletcher,Dario Fletcher,+13366812249,,,3,36.0,2020-11-23,unknown
lugoelsie1993@gmail.com,Elsie,Lugo,Elsie Lugo,+14073831221,,,1,36.0,2021-12-08,unknown
4v3ronica@gmail.com,Veronica,Carrillo,Veronica Carrillo,+13213163565,,,1,36.0,2021-12-30,unknown
aldotempo55@gmail.com,Al,P,Al P,+12672252134,,,1,35.0,2021-06-20,unknown
alisjohan@hotmail.com,Alison,Marte Batista,Alison Marte Batista,+14073004168,,,1,35.0,2022-01-19,unknown
byrne43@comcast.net,Andrew,Byrne,Andrew Byrne,+17085391304,Oak Lawn,IL,1,35.0,2020-03-13,unknown
aleon0823@gmail.com,Anita,Leon,Anita Leon,,,,1,35.0,2021-04-27,unknown
silkphoto@gmail.com,Candace,Watkins,Candace Watkins,+16098656053,,,1,35.0,2021-07-16,unknown
ciramay25@gmail.com,Cira,Rodriguez,Cira Rodriguez,+18137280026,,,1,35.0,2021-06-20,unknown
daniravl@hotmail.com,Danira,Valenzuela,Danira Valenzuela,+14073001611,,,2,35.0,2023-09-23,unknown
dleombruno16@gmail.com,David,Leombruno,David Leombruno,,,,2,35.0,2022-02-03,unknown
eunice.chinchilla@icloud.com,Eunice,Chinchilla,Eunice Chinchilla,+15623136835,,,2,35.0,2022-06-02,unknown
innaruefle@yahoo.com,Inna,Smith,Inna Smith,+17276564789,,,1,35.0,2021-06-17,unknown
heythereimirene@gmail.com,Irene,Saengpet,Irene Saengpet,+14077918086,,,2,35.0,2023-09-23,unknown
artaj7002@gmail.com,Juliana,Anca,Juliana Anca,+14077397341,,,1,35.0,2021-04-10,unknown
jayrod24829@gmail.com,Julio,Rodriguez,Julio Rodriguez,+17272374874,Plant City,FL,1,35.0,2020-02-01,unknown
katrina.alain@gmail.com,Katrina,Alain,Katrina Alain,+14079202377,,,3,35.0,2023-10-26,unknown
koby.gonzalez6@hotmail.com,Koby,Gonzalez,Koby Gonzalez,+13526537620,,,1,35.0,2024-03-26,unknown
mjcanar@gmail.com,Mary,Canar,Mary Canar,+14078604590,,,3,35.0,2021-10-07,unknown
samsung13133@live.com,Momo,Seeboonruang,Momo Seeboonruang,+18134923410,,,1,35.0,2024-03-30,unknown
jamkaret.st@gmail.com,stephanie,thomas,stephanie thomas,+17274094788,,,1,35.0,2021-06-18,unknown
dgtanya85@mac.com,Tanya,Perich,Tanya Perich,+18132401113,,,1,35.0,2024-03-31,unknown
nathaniel.buckhalter@gmail.com,Nathaniel,Buckhalter,Nathaniel Buckhalter,+14073532981,,,2,34.0,2023-09-21,unknown
terraredditt@gmail.com,Terra,Redditt,Terra Redditt,+18505306945,Tallahassee,FL,3,34.0,2021-03-18,unknown
croman460@gmail.co,Carlos,Roman,Carlos Roman,+14078735283,,,2,33.0,2022-04-20,unknown
lauraecheverri86@gmail.com,Laura,Echeverri,Laura Echeverri,+14076377678,Altamonte springs,FL,3,32.0,2021-08-18,unknown
roxana.carrion30@gmail.com,Roxana,Carrion,Roxana Carrion,+14079144372,Orlando,FL,3,32.0,2023-10-28,unknown
migurica@aol.com,Miguel,Ricart,Miguel Ricart,+14075680442,Orlando,FL,2,31.0,2020-01-18,unknown
amuriel91@yahoo.com,Alexis,Muriel,Alexis Muriel,+14075587841,,,1,30.0,2022-03-11,unknown
sedlergus95@icloud.com,Andrianna,C,Andrianna C,+13212492132,,,1,30.0,2021-11-24,unknown
c.mccormickfl1@gmail.com,Christopher,McCormick,Christopher McCormick,+14075779694,,,1,30.0,2022-03-10,unknown
dougymt@gmail.com,Douglas,Townsend,Douglas Townsend,+14074359377,,,2,30.0,2023-08-25,unknown
janjrios@hotmail.com,Jan,Rios,Jan Rios,+14077294145,,,1,30.0,2022-03-11,unknown
jonhoffman10@gmail.com,Jonathan,Hoffman,Jonathan Hoffman,,,,1,30.0,2019-09-14,unknown
correa.k.f25@gmail.com,Karina,Correa,Karina Correa,+14075777255,,,1,30.0,2021-07-18,unknown
lida.guzman7956@gmail.com,Lida,Guzman,Lida Guzman,+14079285885,,,2,30.0,2021-08-04,unknown
liruta12@gmail.com,Lilianna,Tarannik,Lilianna Tarannik,+13862253582,,,2,30.0,2022-02-24,unknown
lindsayoris@gmail.com,Lindsay,Oris,Lindsay Oris,+19415368464,PALMETTO,FL,1,30.0,2020-02-29,unknown
prrubializ0921@yahoo.com,Lizbeth,Mendoza,Lizbeth Mendoza,+14073638770,,,1,30.0,2022-02-10,unknown
fitpinay@yahoo.com,Lorenza,Henderson,Lorenza Henderson,,,,1,30.0,2019-01-13,unknown
cintronnicole.nc@gmail.com,Natasha,Cintron,Natasha Cintron,+14079140171,,,1,30.0,2021-11-03,unknown
prashanthsp2@gmail.com,Prashanth,Sreekumarannair,Prashanth Sreekumarannair,+16126009610,,,3,30.0,2021-07-21,unknown
rlennard1@verizon.net,Rebecca,Lennard,Rebecca Lennard,+18133954701,,,1,30.0,2020-11-15,unknown
bekahbodie@gmail.com,Rebekah,Crotty,Rebekah Crotty,+13212008974,,,1,30.0,2021-11-17,unknown
scottseip@hotmail.com,Scott,Seip,Scott Seip,+18506122048,,,1,30.0,2022-01-13,unknown
tchowdhury91@gmail.com,Tahsin,Chowdhury,Tahsin Chowdhury,+19175313469,,,1,30.0,2022-05-12,unknown
veggieseacow@gmail.com,Vicky,Rivera,Vicky Rivera,+14072352605,,,2,30.0,2022-06-01,unknown
vivianne.lizeth@gmail.com,Vivianne,Medina,Vivianne Medina,+17865025247,,,2,30.0,2021-04-10,unknown
weendyl@hotmail.com,Weendy,Legerme,Weendy Legerme,+14073090634,,,1,30.0,2022-03-31,unknown
diamondangel77711@gmail.com,,,,,,,1,30.0,2020-08-03,unknown
c4danceacademy@gmail.com,Charles,Cook,Charles Cook,+13522061265,,,2,28.0,2021-04-11,unknown
dvincent93@gmail.com,Daline,Vincent,Daline Vincent,+13217321209,,,2,28.0,2022-03-24,unknown
salt.8012@gmail.com,Alex,Morton,Alex Morton,+18504611970,,,2,27.0,2021-11-17,unknown
ameerahsmith513@yahoo.com,Ameerah,Smith,Ameerah Smith,+14074123913,,,2,27.0,2021-12-15,unknown
ashantimoorepowell@ymail.com,Ashanti,Moore,Ashanti Moore,,,,2,27.0,2019-05-11,unknown
djnell45@gmail.com,Darnell,Simon,Darnell Simon,+17162454619,,,2,27.0,2022-03-23,unknown
lymiesq@gmail.com,Lymary,Munoz,Lymary Munoz,+14074164150,,,2,27.0,2022-04-20,unknown
natygirl23@gmail.com,Natasha,Moras,Natasha Moras,+17853931614,,,2,27.0,2021-11-03,unknown
ravi723@gmail.com,Ravi,Melaram,Ravi Melaram,+14074970726,,,2,27.0,2023-11-22,unknown
ronrivera01@gmail.com,Ron,Rivera,Ron Rivera,+12032315588,,,3,27.0,2021-02-18,unknown
nayomyr@gmail.com,Nayomy,Rolon,Nayomy Rolon,,,,2,26.0,2020-02-01,unknown
alannafoss4@gmail.com,Alanna,Foss,Alanna Foss,+18503900715,,,2,25.0,2022-06-02,unknown
lopez.aleidys@gmail.com,Aleidys,Romero,Aleidys Romero,+18135079712,,,1,25.0,2024-03-03,unknown
amroster@yahoo.com,Amy,Roster,Amy Roster,+12313132202,,,1,25.0,2024-03-03,unknown
amyrenee088@gmail.com,Amy,Sharp,Amy Sharp,+19417055215,,,1,25.0,2024-03-02,unknown
andres.caceres11@gmail.com,Andres,Caceres,Andres Caceres,+14072424523,,,2,25.0,2020-12-30,unknown
bcase247@gmail.com,Bethany,Case,Bethany Case,+13154368306,,,1,25.0,2024-03-14,unknown
breeg1011@gmail.com,Bree,Olson,Bree Olson,+13073880400,,,1,25.0,2024-03-02,unknown
paris7611@aol.com,Cecilia,Garcia,Cecilia Garcia,+14073420754,,,1,25.0,2021-01-09,unknown
cn1liwy@yahoo.com,Chan'nel,Asbell,Chan'nel Asbell,,,,1,25.0,2023-10-05,unknown
chanelperez89@gmail.com,Chanel,Perez,Chanel Perez,+14072189691,,,1,25.0,2022-03-08,unknown
chrisstrobles@gmail.com,Chris,Strobles,Chris Strobles,+13522812585,,,1,25.0,2022-01-29,unknown
ciara.ferrari@hotmail.com,Cici,ferrari,Cici ferrari,+13053213184,,,1,25.0,2020-10-09,unknown
cullentdixon@yahoo.com,Cullen,Dixon,Cullen Dixon,+18134929604,,,1,25.0,2025-05-22,subscribed
mrdamonescott@yahoo.com,Damone,Scoy6,Damone Scoy6,+16024032986,,,2,25.0,2023-10-28,unknown
dmacapinlac@gmail.com,Darnell,Macapinlac,Darnell Macapinlac,,,,1,25.0,2019-10-31,unknown
mrstrobles@gmail.com,David,strobles,David strobles,+13522811483,,,1,25.0,2022-01-28,unknown
denisekutchey@yahoo.com,Deniae,Wurth,Deniae Wurth,+16165400699,,,1,25.0,2024-03-03,unknown
erickita26@hotmail.com,Ericka,Vargas,Ericka Vargas,+18134032505,,,1,25.0,2024-03-03,unknown
ezravenriquez@gmail.com,Esdras,Enriquez,Esdras Enriquez,,,,2,25.0,2022-06-02,unknown
gabygymnastic@gmail.com,Gabriela,Peterssen,Gabriela Peterssen,+17863160767,,,1,25.0,2020-11-20,unknown
glo.mackey@yahoo.com,GLORETHA,MACKEY,GLORETHA MACKEY,,,,1,25.0,2023-10-07,unknown
haroldtaffe7@gmail.com,Harold,Taffe,Harold Taffe,+12245381479,,,1,25.0,2024-03-03,unknown
icolon1122@gmail.com,Isaiah,Colon,Isaiah Colon,+17732265076,,,1,25.0,2020-12-26,unknown
ikokot90@gmail.com,Ivanka,Kokot,Ivanka Kokot,+18136109139,,,1,25.0,2020-11-09,unknown
yaquelineh25@gmail.com,Jackie,Rojas,Jackie Rojas,+18133999221,,,1,25.0,2025-05-24,subscribed
jimintriglia@outlook.com,James,Intriglia,James Intriglia,+17204679077,,,1,25.0,2024-03-14,unknown
jeramy@gatza.com,Jeramy,Gatza,Jeramy Gatza,+14077666999,,,1,25.0,2023-10-15,unknown
flournoyjg@gmail.com,Jonathan,Flournoy,Jonathan Flournoy,+19415807636,,,1,25.0,2024-03-03,unknown
favoredseph@gmail.com,Joseph,Villanueva,Joseph Villanueva,+16892766811,,,1,25.0,2023-10-14,unknown
katrinakent66@yahoo.com,Katrina,Kent,Katrina Kent,+18134425128,,,1,25.0,2024-03-03,unknown
lanunley13@gmail.com,Lawson,Nunley,Lawson Nunley,+14079029123,,,2,25.0,2022-03-09,unknown
lindsayoris@gmail.con,Lindsay,Oris,Lindsay Oris,,,,1,25.0,2020-11-09,unknown
margotschutte@yahoo.com,Margot,Schutte,Margot Schutte,+15853543844,,,1,25.0,2024-03-03,unknown
maria.v.vasina@gmail.com,Maria,Vasina,Maria Vasina,+19045660540,,,1,25.0,2024-03-03,unknown
maxmarrero.14@gmail.com,Max,Marrero,Max Marrero,+18133597855,,,1,25.0,2024-03-03,unknown
rcha@hotmail.com,Ravi,Shankar,Ravi Shankar,+15087365335,,,1,25.0,2021-02-21,unknown
raw10023@hotmail.com,Richard,Williams,Richard Williams,,,,1,25.0,2024-03-03,unknown
roshard@gmail.com,Roshard,Jones,Roshard Jones,+18138191491,,,1,25.0,2024-03-15,unknown
ufl2mlb@gmail.com,Scott,Aaron,Scott Aaron,+13523284995,,,1,25.0,2021-01-09,unknown
gioiaieix@gmail.com,Xean,Puccio,Xean Puccio,+19049621014,,,1,25.0,2021-06-19,unknown
zaviogonzalez@gmail.com,Zavio,Javier,Zavio Javier,+19418223997,,,1,25.0,2022-03-08,unknown
alexxusmitchell2017@gmail.com,Alexxus,Mitchell,Alexxus Mitchell,+18133706991,,,1,24.0,2023-11-23,unknown
gutierrezcris93@gmail.com,Cristopher,Gutierrez,Cristopher Gutierrez,+15128883328,,,1,24.0,2021-11-10,unknown
rizelg11@gmail.com,Rizel,Gil,Rizel Gil,+15163827832,,,1,24.0,2022-02-23,unknown
sandra.olortegui11@gmail.com,Sandra,Olortegui,Sandra Olortegui,+19734051674,,,1,24.0,2021-10-28,unknown
terry@tuckerpaving.com,Terry,Ticker,Terry Ticker,+18635814555,,,1,24.0,2023-11-24,unknown
davidbathenviolinist@yahoo.com,David,Bathen,David Bathen,+14075565964,,,2,22.0,2023-07-27,unknown
monicacabrales1997@gmail.com,Eliza,,Eliza,,,,2,22.0,2021-12-14,unknown
jadelorenzo1@gmail.com,Jade,Lorenzo,Jade Lorenzo,+14074434855,,,2,22.0,2021-11-11,unknown
lissfermin@gmail.com,Lissette,Concepcion,Lissette Concepcion,,,,2,22.0,2018-12-01,unknown
soraidanafi@hotmail.com,Soraida,Nafi,Soraida Nafi,+14079298964,,,2,21.0,2021-04-06,unknown
alexarodriguez2323@hotmail.com,Alexandra,Bryant,Alexandra Bryant,+13214128417,,,1,20.0,2021-06-09,unknown
007anton.yes@gmail.com,ATUL,NIRGUDE,ATUL NIRGUDE,,,,1,20.0,2020-02-15,unknown
droo7908@gmail.com,Duane,Negrillo,Duane Negrillo,+14079891279,,,1,20.0,2021-06-30,unknown
gero_mm@hotmail.com,Gabriela,Marin,Gabriela Marin,+19294212140,,,1,20.0,2021-04-11,unknown
jeremiah.hughley@gmail.com,Jeremiah,Hughley,Jeremiah Hughley,+12513914954,,,1,20.0,2020-12-30,unknown
jonathanruiz2006@yahoo.com,Julio,Gomez,Julio Gomez,,,,2,20.0,2017-06-29,unknown
keitha.hewlett@gmail.com,Keith,Sawyer,Keith Sawyer,+13134781211,,,1,20.0,2021-01-12,unknown
cortez0824@gmail.com,King Cortez,Hendryx,King Cortez Hendryx,,,,2,20.0,2021-06-27,unknown
ladarrint@yahoo.com,ladarrin,Tolbert,ladarrin Tolbert,+18139552845,,,1,20.0,2020-11-19,unknown
lgoly15@gmail.com,Lucas,Goly,Lucas Goly,+19178540487,,,1,20.0,2021-06-16,unknown
mengfanzhou7@gmail.com,Mengfan,Zhou,Mengfan Zhou,+13474437613,,,1,20.0,2020-12-29,unknown
michwalters@me.com,Michelle,Walters,Michelle Walters,+13216627052,,,1,20.0,2024-03-25,unknown
misaelrod@gmail.com,Misael,Rodriguez,Misael Rodriguez,+14072837733,,,1,20.0,2021-01-05,unknown
nayly_54@live.com,Natanael,Lamourt,Natanael Lamourt,,,,1,20.0,2020-02-15,unknown
naticarli25@gmail.com,Natasha,Delrio,Natasha Delrio,+13219454817,,,2,20.0,2021-05-05,unknown
neptali.merino12@gmail.com,Neptali,Merino,Neptali Merino,+19736527371,,,1,20.0,2021-08-25,unknown
patrykdossou@gmail.com,Patrick,Dossou,Patrick Dossou,+13212761883,,,2,20.0,2020-11-19,unknown
shakiraalexander@aol.com,Shakira,Alexander,Shakira Alexander,,,,1,20.0,2017-11-25,unknown
traceyaraynor@gmail.com,Tracey,Raynor,Tracey Raynor,+19015701129,,,1,20.0,2021-07-18,unknown
brownvanita11@gmail.com,Vanita,Brown,Vanita Brown,+19047289021,,,1,20.0,2021-12-30,unknown
vic.andino@gmail.com,Victor,Andino,Victor Andino,+18608576086,,,2,20.0,2021-07-18,unknown
akosua12@bellsouth.net,Zena,Mitchell,Zena Mitchell,+14073424580,,,2,20.0,2020-11-22,unknown
katie.c.dancegirl@gmail.com,,,,,,,1,20.0,2023-08-26,unknown
a.johnson508@gmail.com,Amanda,Johnson,Amanda Johnson,+12107233986,,,1,18.0,2021-12-30,unknown
7prbananas@gmail.com,Analiese,Datis-Cordero,Analiese Datis-Cordero,+14842735644,,,1,18.0,2023-09-23,unknown
ashleyc16@icloud.com,Ashley,Cintron,Ashley Cintron,+14079677211,,,1,18.0,2021-04-10,unknown
remedymob@gmail.com,Jeremy,Benitez,Jeremy Benitez,+13472480840,,,1,18.0,2023-11-25,unknown
jorge.cano42@gmail.com,Jorge,Cano,Jorge Cano,+19842929068,,,1,18.0,2021-04-10,unknown
jcrossy@icloud.com,Jose,Rossy,Jose Rossy,+17143944432,,,1,18.0,2021-04-10,unknown
kaustubh.chilwarwar@gmail.com,Kaustubh,Chilwarwar,Kaustubh Chilwarwar,+13528700839,,,1,18.0,2021-04-09,unknown
kelvinrico007@gmail.com,Kelvin,Said Rico-Pineda,Kelvin Said Rico-Pineda,+17207894134,,,1,18.0,2022-03-23,unknown
kristinbchapman@yahoo.com,Kristin,Chapman,Kristin Chapman,+14074064433,,,1,18.0,2021-06-20,unknown
lenalagos622@gmail.com,Lena,Lagos,Lena Lagos,+15619516045,,,1,18.0,2021-04-08,unknown
mauddudess@hotmail.com,Maud,Poudat,Maud Poudat,+14073469913,,,1,18.0,2021-04-10,unknown
nitamahmuti@gmail.com,nita,mahmuti,nita mahmuti,+15612836381,,,1,18.0,2022-05-26,unknown
whisper3546@icloud.com,Sandybell,Scott,Sandybell Scott,+12566032040,,,1,18.0,2021-06-19,unknown
urxqs2h8@gmail.com,Yvonne,Souchet,Yvonne Souchet,+19178388908,,,1,18.0,2023-09-23,unknown
charlotte.martinez0319@gmail.com,Charlotte,Martinez,Charlotte Martinez,+13477568591,St. Cloud,FL,2,17.0,2021-06-03,unknown
echinchilla22@yahoo.com,Eunice,Chinchilla,Eunice Chinchilla,+15623136835,,,1,17.0,2021-11-11,unknown
swingusa_60030@yahoo.com,Felix,Cheung,Felix Cheung,,,,1,16.0,2020-12-20,unknown
mataanka2018@gmail.com,Abdulrashid,Adam,Abdulrashid Adam,,,,1,15.0,2018-10-21,unknown
abapolonio98@gmail.com,Ain Brian,Apolonio,Ain Brian Apolonio,+13526131158,,,1,15.0,2023-08-25,unknown
icesis2@gmail.com,Aisha,Wheeler,Aisha Wheeler,+12674670630,,,1,15.0,2023-08-25,unknown
tonycmyk@gmail.com,Anibal,Rivera,Anibal Rivera,+13057673909,,,1,15.0,2021-03-25,unknown
seanmadeup@yahoo.com,Bruno,Todd,Bruno Todd,+14109341675,,,1,15.0,2022-04-28,unknown
catherine.r.tidwell@gmail.com,Catherine,Tidwell,Catherine Tidwell,+17243884989,,,1,15.0,2022-05-18,unknown
cristalygarcia@yahoo.com,Cristaly,Garcia,Cristaly Garcia,+14078930181,,,1,15.0,2022-02-23,unknown
richardson_danielle@yahoo.com,Danielle,Richardson,Danielle Richardson,+15757919931,,,1,15.0,2021-11-24,unknown
eslindam@me.com,Eslinda,Mendoza,Eslinda Mendoza,+14076201408,Altamonte Springs,FL,1,15.0,2020-01-19,unknown
peguerog94@gmail.com,Gabriela Peguero,Kushner,Gabriela Peguero Kushner,+14073615895,,,1,15.0,2021-03-16,unknown
ginasumpter@gmail.com,Gina,Sumpter,Gina Sumpter,+14074465808,,,1,15.0,2023-08-25,unknown
inmaitre90@gmail.com,Isaac,Maitre,Isaac Maitre,,,,1,15.0,2021-07-01,unknown
jpriveraa@gmail.com,Jaganatha,Rivera,Jaganatha Rivera,+13522139007,,,1,15.0,2021-11-03,unknown
jbkarr1@hotmail.com,Jaime,Alvarado,Jaime Alvarado,+18133252619,,,1,15.0,2021-03-12,unknown
jared.grossi@yahoo.com,Jared,Grossi,Jared Grossi,+14074542348,,,1,15.0,2023-08-25,unknown
ckatiekay@gmail.com,Katie,Callahan,Katie Callahan,+17249440243,,,1,15.0,2023-10-26,unknown
lorareckendorf@gmail.com,Lora,Reckendorf,Lora Reckendorf,+18505082053,,,1,15.0,2022-03-07,unknown
mnazareno23@gmail.com,Mark,Nazareno,Mark Nazareno,+19046608115,,,1,15.0,2022-03-02,unknown
nvme218@gmail.com,Novar,Crawford,Novar Crawford,,,,1,15.0,2023-05-26,unknown
paolunaa4@gmail.com,Paola,Diaz,Paola Diaz,+13213158782,,,1,15.0,2023-10-28,unknown
reycon1989@gmail.com,Reynaldo,Contreras,Reynaldo Contreras,+14076661239,,,1,15.0,2022-03-02,unknown
romanyeskov@yahoo.com,Roman,Yeskov,Roman Yeskov,+16087995063,,,1,15.0,2022-03-03,unknown
ravitzigdon@gmail.com,Rose,Z,Rose Z,+19292741418,,,1,15.0,2022-04-20,unknown
sritchie17@cfl.rr.com,Samantha,Wright,Samantha Wright,+14074976217,,,1,15.0,2021-12-29,unknown
seananthony904@gmail.com,Sean,Steele,Sean Steele,+19049070849,,,1,15.0,2021-12-22,unknown
sebastianrquinones@gmail.com,Sebastian,Quinones,Sebastian Quinones,+14047704534,,,1,15.0,2022-03-03,unknown
stefanwilkinson2014@gmail.com,Stefan,Wilkinson,Stefan Wilkinson,+17033072598,,,1,15.0,2022-03-16,unknown
wendypires@hotmail.com,Wendy,Pires,Wendy Pires,+14075344646,,,1,15.0,2024-04-10,unknown
lanpolyinette@gmail.com,Yinette,Lantigua,Yinette Lantigua,+14076667810,,,1,15.0,2022-03-16,unknown
yitzytravis@yahoo.com,Yitzy,Travis,Yitzy Travis,+13474001343,,,1,15.0,2022-01-27,unknown
cce25a@gmail.com,Frances,Mendieta,Frances Mendieta,+14073186789,,,1,14.0,2023-09-20,unknown
jeancarlo_v@live.com,Jean,valderrama,Jean valderrama,+14076689983,,,1,14.0,2023-09-22,unknown
lorenzi.lora@gmail.con,Lorenzi,Lora,Lorenzi Lora,+14078085714,,,1,14.0,2020-11-18,unknown
eranelk@gmail.com,Aaron,Katz,Aaron Katz,+17077086237,,,1,12.0,2021-09-29,unknown
abiengelly@gmail.com,Abby,Pabellon,Abby Pabellon,+14073648436,,,1,12.0,2022-03-22,unknown
ar12@usa.com,Adi,Chandra,Adi Chandra,+14077656805,,,1,12.0,2022-05-25,unknown
andrewsjorquera@gmail.com,Andrew,Jorquera,Andrew Jorquera,+13212763925,,,1,12.0,2021-10-27,unknown
dsimon45@gmail.com,Darnell,Simon,Darnell Simon,+13475466390,,,1,12.0,2022-06-01,unknown
elena_leclaire@yahoo.com,Elena,Leclaire,Elena Leclaire,,,,1,12.0,2019-01-12,unknown
isaac.sofy@gmail.com,Isaac,Sofy,Isaac Sofy,+19546485745,,,1,12.0,2022-01-12,unknown
james.fermin@gmail.com,James,Fermin,James Fermin,+13526617380,,,1,12.0,2023-11-24,unknown
jarrellsmith2010@gmail.com,Jarrell,Smith,Jarrell Smith,+17656691383,,,1,12.0,2021-10-27,unknown
jennazuyuz@gmail.com,Jenna,Zuyus,Jenna Zuyus,+13869561531,,,1,12.0,2023-11-23,unknown
josedoloresv0311@gmail.com,Jose,Dolores,Jose Dolores,+18324558321,,,1,12.0,2021-09-29,unknown
keishamaraj@yahoo.com,Keisha,Camps,Keisha Camps,+19415453920,,,1,12.0,2023-05-26,unknown
malvarez123.987@gmail.com,Marco,Alvarez,Marco Alvarez,+17865200884,,,1,12.0,2023-11-24,unknown
michael.fels86@gmail.com,Michael,Fels,Michael Fels,+19146674465,,,1,12.0,2022-02-23,unknown
breathedeep19@gmail.com,Nina,Goluskin,Nina Goluskin,+13214824151,,,1,12.0,2023-11-24,unknown
rmeghnot@gmail.com,Rupert,Meghnot,Rupert Meghnot,,,,1,12.0,2020-02-01,unknown
scgodbold@yahoo.com,Savannah,Godbold,Savannah Godbold,,,,1,12.0,2018-12-01,unknown
tammyla333@gmail.com,Tammy,Ambrose,Tammy Ambrose,+12396412388,,,1,12.0,2021-10-27,unknown
aeroq412@gmail.com,Aeriell,Quinlan,Aeriell Quinlan,+14126091685,,,1,10.0,2021-01-13,unknown
amanda.isabel36@gmail.com,Amanda,Rios-Torres,Amanda Rios-Torres,+12548334561,,,1,10.0,2021-06-02,unknown
ccbruner@msn.com,Carmen,Bruner,Carmen Bruner,,,,1,10.0,2021-07-14,unknown
orona89@gmail.com,Enoch,Orona,Enoch Orona,+18043808878,,,1,10.0,2021-01-13,unknown
hectorjosegarciap@gmail.com,Hector,Garcia,Hector Garcia,+14073712687,,,1,10.0,2021-04-29,unknown
ibis.alcala@yahoo.com,Ibis,Alcala,Ibis Alcala,,,,1,10.0,2017-04-29,unknown
schiller0871@icloud.com,J,C,J C,+13213520383,,,1,10.0,2021-03-17,unknown
cleavenssanon@gmail.com,Jean,C,Jean C,+13213520383,,,1,10.0,2021-04-07,unknown
karmakramer08@gmail.com,Jean,C,Jean C,+13213520383,,,1,10.0,2021-04-15,unknown
danligirl74@gmail.com,Jeannie,Rundell,Jeannie Rundell,+14079538057,,,1,10.0,2021-05-19,unknown
jenneymarie@gmail.com,Jenney,Kenney,Jenney Kenney,+14072850252,,,1,10.0,2023-08-02,unknown
jenn.sanchez.dom@gmail.com,Jennifer,Sanchez,Jennifer Sanchez,+14076191030,,,1,10.0,2023-08-10,unknown
thejonathanalvarez@gmail.com,Jonathan,Alvarez,Jonathan Alvarez,+13212976477,,,1,10.0,2021-01-21,unknown
jonathan.cole.vega@gmail.com,Jonathan,Vega,Jonathan Vega,,,,1,10.0,2017-11-25,unknown
joshs85@gmail.com,Joshua,Spain,Joshua Spain,+15188929151,,,1,10.0,2021-05-27,unknown
jmende22@fau.edu,Julie,Mendez,Julie Mendez,,,,1,10.0,2018-02-04,unknown
katbel588@gmail.com,Katiria,Garcia,Katiria Garcia,+12672375155,,,1,10.0,2021-04-21,unknown
klopez90@gmail.com,Kheila,Lopez,Kheila Lopez,+17277487002,,,1,10.0,2023-08-10,unknown
lace248400@yahoo.com,Lacey,Satterfield,Lacey Satterfield,+14074505536,,,1,10.0,2020-12-08,unknown
matt.chambers25@gmail.com,Matt,Chambers,Matt Chambers,+13049190102,,,1,10.0,2020-11-19,unknown
maxxdamian95@gmail.com,Maxx,Diaz,Maxx Diaz,+13057473267,,,1,10.0,2021-01-21,unknown
jennysfrancois@gmail.com,Michel'le,.,Michel'le .,+19295092306,,,1,10.0,2021-05-12,unknown
milanasid22@gmail.com,Milana,Sidorenko,Milana Sidorenko,,,,1,10.0,2021-01-21,unknown
ticaligista@gmail.com,Natalia,Cubero,Natalia Cubero,+18622959162,,,1,10.0,2020-12-17,unknown
pau10daza@hotmail.com,Paula,Daza,Paula Daza,+14072446911,,,1,10.0,2021-08-04,unknown
raisa75@aol.com,Raisa,Cuello,Raisa Cuello,,,,1,10.0,2017-04-22,unknown
raquelgonz0723@gmail.com,Raquel,Gonzalez,Raquel Gonzalez,+13219471487,,,1,10.0,2021-06-09,unknown
reisrenans@gmail.com,Renan,Reis,Renan Reis,+12392038894,,,1,10.0,2021-03-24,unknown
rodolfobbarron@gmail.com,Rodoldo,Barron,Rodoldo Barron,+18136828904,,,1,10.0,2021-01-06,unknown
nvz787@gmail.com,Sajid,Velez,Sajid Velez,+18636676977,,,1,10.0,2021-06-25,unknown
talinelima100@gmail.com,Taline,Bryant,Taline Bryant,,,,1,10.0,2017-07-22,unknown
terry00789@gmail.com,Terry,Ingram,Terry Ingram,+19044972496,,,1,10.0,2021-06-23,unknown
vivabb@gmail.com,Virginia,Vasquez,Virginia Vasquez,+19045286205,,,1,10.0,2021-07-14,unknown
willycespedes72@gmail.com,Willy,Cespedes,Willy Cespedes,+13867935623,,,1,10.0,2021-01-27,unknown
celticemm@gmail.com,Emily,Miller,Emily Miller,,,,1,9.0,2019-12-28,unknown
achm07@gmail.com,Ana Hernandez,Munoz,Ana Hernandez Munoz,+19397882274,,,1,8.0,2021-02-24,unknown
candicemariecg@gmail.com,Candice,Church-Gilman,Candice Church-Gilman,+14077618797,,,1,7.0,2020-11-25,unknown
krpie@yahoo.com,Kristine,Roberts,Kristine Roberts,+14075906846,,,1,7.0,2020-11-25,unknown
purehustle007@gmail.com,miguel,ricart,miguel ricart,+14075680442,,,1,7.0,2020-01-31,unknown
nimishamitha@gmail.com,Nimisha,Mitha,Nimisha Mitha,+14076189852,,,1,7.0,2020-11-26,unknown
roberquint1996@gmail.com,Robert,Sanchez,Robert Sanchez,+14073836349,,,1,7.0,2020-11-25,unknown
w.rodriguez30@yahoo.com,William,Rodriguez,William Rodriguez,+14074021746,,,1,7.0,2020-11-19,unknown
lopezadam1987@gmail.com,Adam,Lopez,Adam Lopez,+13214394260,,,0,0.0,,unknown
wohrak@gmail.com,Adam,Wohrle,Adam Wohrle,,,,0,0.0,,unknown
zumbawithayo@gmail.com,Aden,Hnxn,Aden Hnxn,,,,0,0.0,,unknown
apau9067@gmail.com,Adriel,paulino,Adriel paulino,,,,0,0.0,,unknown
alcoury14@gmail.com,Al,Coury,Al Coury,+14072347539,,,1,0.0,2023-03-21,unknown
alvette79@aol.com,Al,McNally,Al McNally,,,,0,0.0,,unknown
a.cslee93@gmail.com,Alan,Lee,Alan Lee,,,,0,0.0,,unknown
albertotejera@gmail.com,Alberto,William,Alberto William,,,,2,0.0,2021-06-19,unknown
spaniard848@gmail.com,Alejandro,Martinez,Alejandro Martinez,,,,0,0.0,,unknown
alex.burton@mindbodygreen.com,Alex,Burton,Alex Burton,,,,0,0.0,,unknown
alexander.garcia58755875@yahoo.com,Alex,Garcia,Alex Garcia,,,,0,0.0,,unknown
alexlightbrite@gmail.com,Alex,Light,Alex Light,,,,0,0.0,,unknown
allymilton@gmail.com,Alexandra,Milton,Alexandra Milton,,,,0,0.0,,unknown
carton01bunting@icloud.com,Alexandra,Prato,Alexandra Prato,,,,0,0.0,,unknown
lanegrita2k@yahoo.com,Alicia Maria,Smith,Alicia Maria Smith,,,,0,0.0,,unknown
paseno4ka1914r@gmail.com,Aliona,Dubinscaia,Aliona Dubinscaia,,,,0,0.0,,unknown
lolavioleta15@gmail.com,Alondra,Rodriguez,Alondra Rodriguez,+14073109241,,,0,0.0,,unknown
eetsfun007@gmail.com,Alyssa,Perez,Alyssa Perez,,,,0,0.0,,unknown
amandarlong@yahoo.com,Amanda,Long,Amanda Long,,,,0,0.0,,unknown
macalinos2020@gmail.com,Amy,Cee,Amy Cee,,,,1,0.0,2021-04-10,unknown
sliwinskiamy@gmail.com,Amy,Sliwinski,Amy Sliwinski,,,,0,0.0,,unknown
analda33@gmail.com,Analda,Reed,Analda Reed,,,,0,0.0,,unknown
anastasiahs25.as@gmail.com,anastasia,sandoval,anastasia sandoval,,,,0,0.0,,unknown
missmas25@gmail.com,Anastasiia,Mikhailova,Anastasiia Mikhailova,,,,0,0.0,,unknown
andreaanglero@yahoo.com,Andrea,Angleró,Andrea Angleró,,,,2,0.0,2021-04-10,unknown
andreabermudez4@hotmail.com,Andrea,Bermudez,Andrea Bermudez,+14075567683,,,0,0.0,,unknown
angelica.katherine.tarver@gmail.com,Angelica,Tarver,Angelica Tarver,,,,0,0.0,,unknown
iamchie13@gmail.com,Angeline,CZ,Angeline CZ,,,,0,0.0,,unknown
alejandrofigueroa08@gmail.com,anna,brewer,anna brewer,,,,0,0.0,,unknown
docanabel@gmail.com,Anna M,Lizama Clark,Anna M Lizama Clark,,,,0,0.0,,unknown
anthonycenterfield@outlook.com,Anthony,Vega-Ortiz,Anthony Vega-Ortiz,,,,0,0.0,,unknown
rodriguez.antonio@live.com,Antonio,Rodriguez,Antonio Rodriguez,,,,0,0.0,,subscribed
ardan_411@live.com,Ardan,Etienne,Ardan Etienne,,,,0,0.0,,unknown
arianam1357@gmail.com,Ariana,Menendez,Ariana Menendez,+14075917403,,,0,0.0,,unknown
ashleightaylor2020@gmail.com,Ashleigh,Hurlbutt,Ashleigh Hurlbutt,+14074080773,,,0,0.0,,unknown
ashley.weider@gmail.com,Ashley,Weider,Ashley Weider,,,,0,0.0,,unknown
amadams895@yahoo.com,Atonivi,Adams,Atonivi Adams,+12177911647,,,0,0.0,,unknown
audreilet@hotmail.com,Audrey,Tavera,Audrey Tavera,,,,0,0.0,,unknown
battymcfatty@yahoo.com,Becca,Warwick,Becca Warwick,,,,0,0.0,,unknown
mattitude_247@hotmail.com,Benjamin,Needler,Benjamin Needler,,,,0,0.0,,unknown
billiekatz@yahoo.com,Billie,Lambert,Billie Lambert,,,,0,0.0,,unknown
bdejesus18b@gmail.com,Billy,De Jesus,Billy De Jesus,+14074532667,,,0,0.0,,unknown
tfsmatters@gmail.com,Blue,Sky Pumbing,Blue Sky Pumbing,+13527356398,Mt Dora,FL,0,0.0,,unknown
bobbypeters@gmail.com,Bobby,Peters,Bobby Peters,,,,0,0.0,,unknown
btifstop22@gmail.com,Boyd,Irons,Boyd Irons,,,,0,0.0,,unknown
brad.forever@outlook.com,Brad,Wallace,Brad Wallace,,,,0,0.0,,unknown
giantmosquito1593@hotmail.com,Brandon,Genao,Brandon Genao,,,,0,0.0,,unknown
btl118@yahoo.com,Brian,Liang,Brian Liang,,,,0,0.0,,unknown
tthorndizy@gmail.com,Brian,Thorndike,Brian Thorndike,,,,0,0.0,,unknown
bryant.vasquez@aol.com,Bryant,Vasquez,Bryant Vasquez,,,,0,0.0,,unknown
camirivas711@gmail.com,Camila,Rivas,Camila Rivas,,,,0,0.0,,unknown
croman460@gmail.com,Carlos,Roman,Carlos Roman,,,,0,0.0,,unknown
ccolbert813@gmail.com,Carlton,Colbert,Carlton Colbert,,,,0,0.0,,unknown
cfaceart@gmail.com,Caroline,Beresnitzky,Caroline Beresnitzky,,,,0,0.0,,unknown
kern771@hotmail.com,Caryn,Cortez,Caryn Cortez,,,,0,0.0,,unknown
ixus238@yahoo.com,Charlie,T,Charlie T,,,,0,0.0,,unknown
hunter.chelsea.a@gmail.com,Chelsea,Hunter,Chelsea Hunter,,,,0,0.0,,unknown
ctabarquino92@gmail.com,Christian,Tabarquino,Christian Tabarquino,,,,0,0.0,,unknown
pachecoc0214@gmail.com,Christina,Pacheco,Christina Pacheco,+13527028017,,,0,0.0,,unknown
clakits@gmail.com,Christine,Lakits,Christine Lakits,,,,0,0.0,,unknown
thescript0407@gmail.com,Christopher,Cortes,Christopher Cortes,,,,0,0.0,,unknown
cocoballard@gmail.com,Coco,Ballard,Coco Ballard,,,,0,0.0,,unknown
prodancer52@msn.com,Courtney,Gleaton,Courtney Gleaton,,,,0,0.0,,unknown
cheerocitizen@gmail.com,Cristina,Gonzalez,Cristina Gonzalez,,,,0,0.0,,unknown
agapedotlove@gmail.com,Dani,Gomes,Dani Gomes,+13212743817,,,0,0.0,,unknown
danielsensual@mediageekz.com,Daniel,Castillo,Daniel Castillo,+13216665228,,,0,0.0,,unknown
jdcastillo021@gmail.com,Daniel,Castillo,Daniel Castillo,,,,0,0.0,,subscribed
dgp86.dg@gmail.com,Daniel,Garcia,Daniel Garcia,,,,0,0.0,,unknown
buenosoy@outlook.com,Daniel,Santiago,Daniel Santiago,,,,0,0.0,,unknown
darinelcabrera@gmail.com,Dari,Cabrera,Dari Cabrera,,,,0,0.0,,unknown
darren@bjdmedia.com,Darren,Wendroff,Darren Wendroff,+14074312214,,,0,0.0,,unknown
dharvey@ncf.edu,David,Harvey,David Harvey,,,,0,0.0,,unknown
nancyoc04@hotmail.com,David,Lopez,David Lopez,,,,0,0.0,,unknown
my3djs@hotmail.com,Dayla,Vazquez,Dayla Vazquez,,,,0,0.0,,unknown
deedeebutcher93@gmail.com,Deedee,Butcher,Deedee Butcher,,,,0,0.0,,unknown
deliagonz129@gmail.com,Delia,Iris,Delia Iris,,,,0,0.0,,unknown
denells@msn.com,Denise,Morales,Denise Morales,,,,0,0.0,,unknown
hdennisha@yahoo.com,Dennisha,Hernandez,Dennisha Hernandez,,,,0,0.0,,unknown
dsewkarran@gmail.com,Deoranie,Sewkarran,Deoranie Sewkarran,,,,0,0.0,,unknown
dmercado671@yahoo.com,Diana,Mirabal,Diana Mirabal,,,,0,0.0,,unknown
jedimatrixxx@gmail.com,Donald,Tillman,Donald Tillman,,,,0,0.0,,unknown
ejayservices@gmail.com,Eddie,Irizarry,Eddie Irizarry,,,,0,0.0,,unknown
eduardo4cruz@yahoo.com,Eduardo,Hernandez,Eduardo Hernandez,,,,0,0.0,,unknown
riveraeduardo198@gmail.com,Eduardo,Rivera,Eduardo Rivera,+18133629526,,,0,0.0,,unknown
alicea53@hotmail.com,Edwin,Alicea,Edwin Alicea,,,,0,0.0,,unknown
efraracing2@gmail.com,Efrain,Velazquez,Efrain Velazquez,,,,0,0.0,,unknown
elio381@aol.com,Elio,Rodriguez,Elio Rodriguez,,,,0,0.0,,unknown
elisa_dem@hotmail.com,Elisa,Patù,Elisa Patù,,,,0,0.0,,unknown
elizabethlopezmarrero@yahoo.com,Elizabeth,Lopez-Marrero,Elizabeth Lopez-Marrero,,,,0,0.0,,unknown
elatorre0924@gmail.com,Elizabeth La,Torre,Elizabeth La Torre,,,,0,0.0,,unknown
elsieramirez23@outlook.com,Elsie,Ramirez,Elsie Ramirez,+14076007199,,,0,0.0,,unknown
elsietorres90@gmail.com,Elsie,Romo,Elsie Romo,+14072227503,,,0,0.0,,unknown
edonate2610@gmail.com,Erika,Rivera,Erika Rivera,,,,0,0.0,,unknown
ermillia@hotmail.com,Erin,Morrison,Erin Morrison,,,,0,0.0,,unknown
bagua98@gmail.com,Ethan,Balno,Ethan Balno,,,,0,0.0,,unknown
evie_@hotmail.com,Evie,De Leon,Evie De Leon,,,,0,0.0,,unknown
fernandojdelgadoramos@gmail.com,Fernando,Delggado,Fernando Delggado,+14072673219,,,0,0.0,,unknown
fedazureiq@hotmail.com,Fida,Zreiq,Fida Zreiq,,,,0,0.0,,unknown
bx6cisco@yahoo.com,Francisco,Serriano,Francisco Serriano,+13213323619,,,0,0.0,,unknown
herrerafrancys155@gmail.com,Francys,Herrera,Francys Herrera,,,,0,0.0,,unknown
fwolfjr1075@gmail.com,Fritz,Wolf,Fritz Wolf,,,,0,0.0,,subscribed
glassfordg@gmail.com,Gabriella,Glassford,Gabriella Glassford,,,,0,0.0,,unknown
bartamadis@hotmail.com,Germine,Amadis,Germine Amadis,,,,0,0.0,,unknown
gsm407@aol.com,Gina,Sonera,Gina Sonera,,,,0,0.0,,unknown
gjensen0314@gmail.com,Ginet,Cisneros,Ginet Cisneros,+13306346014,,,3,0.0,2023-07-19,unknown
giovyrc@gmail.com,Giovanna,Reyes,Giovanna Reyes,,,,0,0.0,,unknown
housemicasa@gmail.com,Gladys,Genie,Gladys Genie,,,,0,0.0,,unknown
gloriaprahl@gmail.com,Gloria,Prahl,Gloria Prahl,,,,0,0.0,,unknown
sgandhirealty@gmail.com,Gurvinder,Gandhi,Gurvinder Gandhi,,,,0,0.0,,unknown
migzpena0506@gmail.com,Hardy Miguel Peña,Jr.,Hardy Miguel Peña Jr.,,,,0,0.0,,unknown
hittab1920@hotmail.com,Hituriel,Tabares,Hituriel Tabares,,,,0,0.0,,unknown
meskalito85@yandex.ru,Igor,Gerasimov,Igor Gerasimov,+13213147148,,,0,0.0,,unknown
igorchamarelli1@gmail.com,Igor Moreira,Chamarelli,Igor Moreira Chamarelli,,,,0,0.0,,unknown
clukyrat@gmail.com,Ingrid,Aguero,Ingrid Aguero,,,,0,0.0,,unknown
purpleheartisyours@gmail.com,Ingrid,Morales,Ingrid Morales,,,,0,0.0,,unknown
izamarpalomo@yahoo.com,Izamar,Palomo,Izamar Palomo,,,,0,0.0,,unknown
jwaldensr61@gmail.com,Jacques,Walden,Jacques Walden,,,,0,0.0,,unknown
jaeharoh@gmail.com,Jae,Roh,Jae Roh,,,,0,0.0,,unknown
bdieguez01@gmail.com,Jaimie,Small,Jaimie Small,+14073109496,,,0,0.0,,unknown
lavishlia@hotmail.com,Jalia,Simmons,Jalia Simmons,,,,0,0.0,,unknown
jaanaae1@gmail.com,Janae,Whirfield,Janae Whirfield,,,,0,0.0,,unknown
zagreb69@netzero.net,Janaien,Rabah,Janaien Rabah,,,,0,0.0,,unknown
janiegrenier@hotmail.com,Janie,Grenier,Janie Grenier,,,,0,0.0,,unknown
jannette.campos@yahoo.com,Jannette,Ulloa,Jannette Ulloa,,,,0,0.0,,unknown
celjonjr14@gmail.com,Jas,Martin,Jas Martin,,,,0,0.0,,unknown
famlopez8251970@gmail.com,Javier,Lopez,Javier Lopez,,,,0,0.0,,unknown
jeannio95@icloud.com,Jean C,P.L,Jean C P.L,,,,0,0.0,,unknown
jroberta75@gmail.com,Jeane,valdes,Jeane valdes,,,,0,0.0,,unknown
jeanniev2@gmail.com,Jeannie,Van wert,Jeannie Van wert,,,,0,0.0,,unknown
jolimpo777@gmail.com,Jeffery,Olimpo,Jeffery Olimpo,,,,0,0.0,,unknown
jennealeducextras@gmail.com,Jennea,LeDuc,Jennea LeDuc,,,,0,0.0,,unknown
jenniferzuckerman@aol.com,Jennifer,Zuckerman,Jennifer Zuckerman,,,,0,0.0,,unknown
jeremy.rodgers1@gmail.com,Jeremy,Rodgers,Jeremy Rodgers,,,,0,0.0,,unknown
jeremyw18@hotmail.com,Jeremy,Walker,Jeremy Walker,,,,0,0.0,,unknown
jessica.e.franco1@gmail.com,Jessica,Franco,Jessica Franco,+17188082554,,,0,0.0,,unknown
weaver.jessicak@gmail.com,Jessica,weaver,Jessica weaver,,,,0,0.0,,unknown
jhenerr@gmail.com,Jhenerr,Hine,Jhenerr Hine,,,,0,0.0,,unknown
jr.theinsuranceman@gmail.com,Jimmie,Rojas,Jimmie Rojas,,,,0,0.0,,unknown
jodiez101@hotmail.com,Jodie,Zapatier,Jodie Zapatier,,,,0,0.0,,unknown
info@orlandoeventpros.com,Joe,,Joe,+14076201913,,,0,0.0,,unknown
judotraveler@gmail.com,John,Lane,John Lane,,,,0,0.0,,unknown
wisejohnetta@gmail.com,Johnetta,Wise,Johnetta Wise,,,,0,0.0,,unknown
johnnychp_@hotmail.com,Johnny,Ch,Johnny Ch,,,,0,0.0,,unknown
jolenelizzotero@gmail.com,Jolene,Otero,Jolene Otero,,,,0,0.0,,unknown
jolieparker@gmail.com,Jolie,,Jolie,,,,0,0.0,,unknown
jgd850@gmail.com,Jonathan,Flournoy,Jonathan Flournoy,,,,0,0.0,,unknown
jonathan.janer@hotmail.com,Jonathan,Janer,Jonathan Janer,,,,0,0.0,,unknown
johnnyjuarezz13@gmail.com,Jonathan,Juarez,Jonathan Juarez,,,,0,0.0,,unknown
jdp71595@gmail.com,Jordan,Parsa,Jordan Parsa,,,,0,0.0,,unknown
jayare.rivera@gmail.com,Jorge,Rivera,Jorge Rivera,+14072181836,,,0,0.0,,unknown
jrfr1@hotmail.com,Jose,Firpo,Jose Firpo,,,,0,0.0,,unknown
idechelkaika@gmail.com,jose,hoseb,jose hoseb,,,,0,0.0,,unknown
positivo1000@hotmail.com,Jose,Siri Trinidad,Jose Siri Trinidad,,,,0,0.0,,unknown
jpowercable73@gmail.com,Jose,Viera,Jose Viera,,,,0,0.0,,unknown
bubinf@gmail.com,Josef,Horn,Josef Horn,,,,0,0.0,,unknown
josie.rodz198@gmail.com,Joselyann,Rodriguez santi,Joselyann Rodriguez santi,,,,0,0.0,,unknown
kingsservices2021@gmail.com,Josh,King,Josh King,+13215041221,,,0,0.0,,unknown
ayjbachata@gmail.com,Jovanny,Anastasia,Jovanny Anastasia,,,,0,0.0,,unknown
jfuent465@gmail.com,JOVANNY,FUENTES,JOVANNY FUENTES,,,,0,0.0,,unknown
juammy@hotmail.com,Juammy,Lora,Juammy Lora,,,,0,0.0,,unknown
juanortiz0188@gmail.com,juan,ortiz,juan ortiz,,,,0,0.0,,unknown
juleidyssanchez20@gmail.com,Juleidys,Sanchez,Juleidys Sanchez,,,,0,0.0,,unknown
amando4ever2u@gmail.com,Julie,Rojas,Julie Rojas,,,,0,0.0,,unknown
kaoru_kay@msn.com,Kaoru,Abril,Kaoru Abril,,,,0,0.0,,unknown
karin_ann05@yahoo.com,Karin,Price,Karin Price,,,,0,0.0,,unknown
krk7@yahoo.com,Kevin,Kelsey,Kevin Kelsey,,,,0,0.0,,unknown
kylrvrcln88@gmail.com,Keyla,Rivera Colón,Keyla Rivera Colón,,,,0,0.0,,unknown
chellybe@gmail.com,Khelly,Martinez,Khelly Martinez,,,,0,0.0,,unknown
kgboodram@gmail.com,Kranston,Boodram,Kranston Boodram,,,,0,0.0,,unknown
krismon10@yahoo.com,Kristen,Montalvo,Kristen Montalvo,,,,0,0.0,,unknown
boricuaxlatino@yahoo.com,Kristán,Aviles,Kristán Aviles,,,,0,0.0,,unknown
gaur.kunal@gmail.com,Kunal,Gaur,Kunal Gaur,,,,0,0.0,,unknown
teresarojas00@aol.com,La Salsera,River,La Salsera River,,,,0,0.0,,unknown
kim.rn.bsn@gmail.com,Lakimberly,Coleman,Lakimberly Coleman,,,,0,0.0,,unknown
hakatre@yahoo.com,Lance,Stephens,Lance Stephens,,,,0,0.0,,unknown
harrislarin@gmail.com,Larin,Harris,Larin Harris,,,,0,0.0,,unknown
lauraveillard22@gmail.com,Laura,Veillard,Laura Veillard,,,,0,0.0,,unknown
laurachandler2010@gmail.com,Laura,,Laura,,,,0,0.0,,unknown
laurenharnage@aol.com,Lauren,Harnage,Lauren Harnage,,,,0,0.0,,unknown
lawrenceday46@gmail.com,Lawrence,Day,Lawrence Day,,,,0,0.0,,unknown
leivylynn909@gmail.com,Leivy,Rodriguez,Leivy Rodriguez,+14078448295,,,0,0.0,,unknown
lilosa641@gmail.com,Lilalba,Ocampo,Lilalba Ocampo,,,,0,0.0,,unknown
lindalopez3k@yahoo.com,Linda,Lopez,Linda Lopez,,,,0,0.0,,unknown
lindaher71@gmail.com,Linda,Moya,Linda Moya,,,,0,0.0,,unknown
kidsdancebook@gmail.com,Linda,Radke,Linda Radke,,,,0,0.0,,unknown
avatarrhoku@gmail.com,Lindsay,Miller,Lindsay Miller,,,,0,0.0,,unknown
lisa.nezneski@outlook.com,Lisa,Nezneski,Lisa Nezneski,,,,0,0.0,,unknown
dulzura03@gmail.com,Lissett,Rios,Lissett Rios,,,,0,0.0,,unknown
lizandro1990@live.com,Lizandro,Garcia,Lizandro Garcia,+13526302649,,,0,0.0,,unknown
lizyaucana@yahoo.com,Lizbel,Perez,Lizbel Perez,,,,0,0.0,,unknown
lizmariesardi@gmail.com,Lizmarie,Sardi,Lizmarie Sardi,,,,0,0.0,,unknown
juniel333.lc@gmail.com,Luis,Calderon,Luis Calderon,,,,0,0.0,,unknown
enriquegarnica69@gmail.com,Luis,Garnica,Luis Garnica,,,,0,0.0,,unknown
lamb3068@live.com,Luis,Martinez Barreto,Luis Martinez Barreto,+14079892981,,,0,0.0,,unknown
luis.nieves.orozco@gmail.com,Luis,Nieves,Luis Nieves,,,,0,0.0,,unknown
luisrodas1@gmail.com,Luis,Rodas,Luis Rodas,,,,0,0.0,,unknown
lhcl4650@hotmail.com,Luis Hector,Cabrices Leon,Luis Hector Cabrices Leon,,,,0,0.0,,unknown
lynvalentin150@gmail.com,LYNETTE,VALENTIN,LYNETTE VALENTIN,,,,0,0.0,,unknown
mncorrea93@gmail.com,Madeline,Correa,Madeline Correa,,,,0,0.0,,unknown
maliklow@hotmail.com,Malik,Low,Malik Low,,,,0,0.0,,unknown
malikamoody89@gmail.com,Malika,Moody,Malika Moody,+17866063941,,,0,0.0,,unknown
westpalmsbkfest@yahoo.com,Manny,Morales,Manny Morales,,,,0,0.0,,unknown
marcosespinal26@gmail.com,Marcos,Espinal,Marcos Espinal,,,,0,0.0,,unknown
marcosr7504@hotmail.com,Marcos,Rodriguez,Marcos Rodriguez,,,,0,0.0,,unknown
bobikmaria91@gmail.com,Maria,Bobik,Maria Bobik,+15743098873,,,0,0.0,,unknown
m.bravo2343@gmail.com,Maria,Bravo-Carrillo,Maria Bravo-Carrillo,,,,0,0.0,,unknown
maycla22@outlook.com,Maria,Clark,Maria Clark,,,,0,0.0,,unknown
mginvestigation@yahoo.com,Maria,Gomez,Maria Gomez,,,,0,0.0,,unknown
ricura39@gmail.com,Maria,Marval,Maria Marval,,,,0,0.0,,unknown
mmatos83169@yahoo.com,Maria,Matos,Maria Matos,,,,0,0.0,,unknown
emilia9905@gmail.com,MARIA,ORTIZ,MARIA ORTIZ,,,,0,0.0,,unknown
meortiz69@yahoo.com,Maria,Ortiz,Maria Ortiz,,,,0,0.0,,unknown
mariablessedfamily@gmail.com,Maria,Rivera,Maria Rivera,,,,0,0.0,,unknown
marianne0767@gmail.com,Marianne,Finis,Marianne Finis,,,,0,0.0,,unknown
mmarsh248@aol.com,Marie,MARSHALL,Marie MARSHALL,,,,0,0.0,,unknown
marija.leal21@gmail.com,Marija,Leal,Marija Leal,,,,0,0.0,,unknown
mvenero08@gmail.com,Marissa,Venero,Marissa Venero,+17204251837,,,0,0.0,,unknown
markly.jean@gmail.com,Markly,Jean-charles,Markly Jean-charles,,,,0,0.0,,unknown
mtier1129@att.net,Martin,Tier,Martin Tier,,,,0,0.0,,unknown
prmatt17@gmail.com,Matt,Matthews,Matt Matthews,+19375647695,,,0,0.0,,unknown
matthew09421@gmail.com,matthew,langford,matthew langford,,,,0,0.0,,unknown
chevyboi27@gmail.com,Matthew,Williams,Matthew Williams,,,,0,0.0,,unknown
micho71@hotmail.com,Mauricio,Sanabria,Mauricio Sanabria,,,,0,0.0,,unknown
cfamid@msn.com,Mauro,Baquero,Mauro Baquero,,,,0,0.0,,unknown
mayerlinlagatita@hotmail.com,Mayerlin,Martinez,Mayerlin Martinez,,,,0,0.0,,unknown
vedat@kaskoline.com,Mehmet vedat,Atac,Mehmet vedat Atac,,,,0,0.0,,unknown
boob3rrry@gmail.com,Melissa,Joseph,Melissa Joseph,,,,0,0.0,,unknown
melyra_149@hotmail.com,Melissa,Ramirez Bejarano,Melissa Ramirez Bejarano,,,,0,0.0,,unknown
melqui062897@outlook.com,Melquisedec,Paulino,Melquisedec Paulino,,,,0,0.0,,unknown
bockmt@gmail.com,Michael,Bock,Michael Bock,,,,0,0.0,,unknown
michellec_2009@yahoo.com,Michelle,Carreon,Michelle Carreon,,,,0,0.0,,unknown
mamamickey68.ma@gmail.com,michelle,gonzalez,michelle gonzalez,,,,0,0.0,,unknown
migmartin51@yahoo.com,MIGDALIA,MARTIN,MIGDALIA MARTIN,,,,0,0.0,,unknown
miguelcrv2@gmail.com,Miguel,Cruz,Miguel Cruz,+13522167756,,,0,0.0,,unknown
mike.gil320@gmail.com,Mike,Gil,Mike Gil,+16462517376,,,1,0.0,2021-08-25,unknown
milena.mateev@gmail.com,Milena,Mateev,Milena Mateev,,,,0,0.0,,unknown
miracl3118@hotmail.com,Millie,Rivera,Millie Rivera,,,,0,0.0,,unknown
miquilina.graham@yahoo.com,Miquilina,Graham,Miquilina Graham,,,,0,0.0,,unknown
missy10882001@yahoo.com,Missy,Hunt,Missy Hunt,,,,0,0.0,,unknown
naticusin@gmail.com,Natalia,Vélez Castro,Natalia Vélez Castro,+17879305880,,,0,0.0,,unknown
natalyramirez.designer@gmail.com,Nataly,Ramirez,Nataly Ramirez,,,,0,0.0,,unknown
natasha@bachatafuego.com,Natasha,Barrera,Natasha Barrera,+19418077115,,,0,0.0,,unknown
acnays@gmail.com,Naysha,A,Naysha A,,,,0,0.0,,unknown
teo.pere007@gmail.com,Neeno,Céspedes,Neeno Céspedes,,,,0,0.0,,unknown
tkdchick93@yahoo.com.sg,Nicole,Cruz,Nicole Cruz,,,,0,0.0,,unknown
hnicole689@gmail.com,Nicole,Hurtado,Nicole Hurtado,+14076948642,,,0,0.0,,unknown
nikisoto126@gmail.com,Nicole,Soto,Nicole Soto,,,,0,0.0,,unknown
nluz23@hotmail.com,Nilda,Bootcamp,Nilda Bootcamp,,,,0,0.0,,unknown
fredfredrick2002@yahoo.com,Nilo,Veloz,Nilo Veloz,,,,0,0.0,,unknown
nrr76@outlook.com,Nina,Rios-Rivera,Nina Rios-Rivera,,,,0,0.0,,unknown
ninoshka_rosado@hotmail.com,Ninoshka,Rosado,Ninoshka Rosado,+14075774710,,,0,0.0,,unknown
paola_grullon@yahoo.com,PAOLA,GRULLON,PAOLA GRULLON,,,,0,0.0,,unknown
diviquiou@gmail.com,patrick,freeman,patrick freeman,,,,0,0.0,,unknown
peteserrano15@gmail.com,Pete,Serrano,Pete Serrano,,,,0,0.0,,unknown
phil_cic@hotmail.com,Philippe,Concas,Philippe Concas,,,,0,0.0,,unknown
salserita73@gmail.com,Princess,Delia,Princess Delia,,,,0,0.0,,unknown
qtcrowe@yahoo.com,Quentin,Crowe,Quentin Crowe,,,,0,0.0,,unknown
quote-knees0j@icloud.com,R,Z,R Z,,,,0,0.0,,unknown
peanut2810.rs@gmail.com,Rachel,Soria,Rachel Soria,+16894449544,,,0,0.0,,unknown
arahmanrafi4@gmail.com,RAHMAN,ABDUR,RAHMAN ABDUR,,,,0,0.0,,unknown
rajeshchavali109@gmail.com,Raj,C,Raj C,,,,0,0.0,,unknown
rsuth120@gmail.com,Ratna,Suthar,Ratna Suthar,+18634308125,,,0,0.0,,unknown
reniawin@poczta.onet.pl,Renata,Winiarska,Renata Winiarska,,,,0,0.0,,unknown
renysas@yahoo.com,Renysa,Santiago,Renysa Santiago,,,,0,0.0,,unknown
rcherry@richardcherry.com,richard,cherry,richard cherry,,,,0,0.0,,unknown
robcruz64@outlook.com,Rob,Cruz,Rob Cruz,+18139909856,,,0,0.0,,unknown
rjkleeman@gmail.com,Robert,Kleeman,Robert Kleeman,,,,0,0.0,,unknown
mrosa.mom@gmail.com,Rosa,Castillo,Rosa Castillo,,,,0,0.0,,unknown
rosskahill@hotmail.com,Ross,Kahill,Ross Kahill,,,,0,0.0,,unknown
roxana@designrox.com,Roxana,Carrion,Roxana Carrion,,,,0,0.0,,unknown
rox-michel@hotmail.com,Roxanna,Michel,Roxanna Michel,,,,0,0.0,,unknown
bestsouto@hotmail.com,Rubens,Souto,Rubens Souto,,,,0,0.0,,unknown
rcolon3210@gmail.com,Ruby,Colon,Ruby Colon,,,,0,0.0,,unknown
russelldubay@hotmail.com,Russell,Dubay,Russell Dubay,,,,0,0.0,,unknown
velezsam@comcast.net,Samuel,Velez,Samuel Velez,,,,0,0.0,,unknown
shanaeota@gmail.com,Sanae,Erving,Sanae Erving,,,,0,0.0,,unknown
sgallegos2@yahoo.com,sandra,gallegos,sandra gallegos,,,,0,0.0,,unknown
sevegriggs@yahoo.com,Sandy,Griggs,Sandy Griggs,,,,0,0.0,,unknown
saul4dalow@icloud.com,Saul,Aldana,Saul Aldana,,,,0,0.0,,unknown
sebastiiandiazo@gmail.com,Sebastian,,Sebastian,,,,0,0.0,,unknown
sfalves@outlook.com,Sergio,Alves,Sergio Alves,,,,0,0.0,,unknown
raven-crow97@att.net,Shannon,Leary,Shannon Leary,,,,0,0.0,,unknown
shantcamp@gmail.com,Shantel,Campbell,Shantel Campbell,+13023123487,,,0,0.0,,unknown
shantcamp@gmail.con,Shantel,Campbell,Shantel Campbell,+13023123487,,,0,0.0,,unknown
sharaddavid@hotmail.com,Sharad,David,Sharad David,,,,0,0.0,,unknown
notsuohs@yahoo.com,Shawna,Houston,Shawna Houston,,,,0,0.0,,unknown
cinnamonpr98@yahoo.com,Sheila,Delgado,Sheila Delgado,,,,0,0.0,,unknown
zappia-s@hotmail.com,Sherry,Zappia,Sherry Zappia,,,,0,0.0,,unknown
baroque_pearl@hotmail.com,Shirley,Wang,Shirley Wang,,,,0,0.0,,unknown
wangshirleymusic@hotmail.com,Shirley,Wang,Shirley Wang,,,,0,0.0,,unknown
siggysour@hotmail.com,Siegfried,Schlieper,Siegfried Schlieper,,,,0,0.0,,unknown
santisx2@gmail.com,Sofia,Santiago,Sofia Santiago,,,,0,0.0,,unknown
maiam119@yahoo.es,Sol,Rivera,Sol Rivera,,,,0,0.0,,unknown
solanch2001@hotmail.com,Solange,Delgado,Solange Delgado,,,,0,0.0,,unknown
sumhome@gmail.com,Soreyrith,Um,Soreyrith Um,,,,0,0.0,,unknown
aquaeyzs@yahoo.com,Stephanie,Blackmon,Stephanie Blackmon,,,,0,0.0,,subscribed
speraltadiaz@gmail.com,Stephanie,Peralta-Diaz,Stephanie Peralta-Diaz,+14072424964,,,0,0.0,,unknown
s.jeune@hotmail.com,Steven,J,Steven J,,,,0,0.0,,unknown
ssantillan23@yahoo.com,Steven,Santillan,Steven Santillan,+19172243804,,,1,0.0,2021-08-26,unknown
s.errecalde@yahoo.com,Susan,Errecalde,Susan Errecalde,,,,0,0.0,,unknown
sheila.taina7@yahoo.com,Taina,Delgado,Taina Delgado,,,,0,0.0,,unknown
tammypantaleon@gmail.com,Tamara,Pantaleon,Tamara Pantaleon,+14077974350,,,1,0.0,2022-03-13,unknown
amatos60@cfl.rr.com,Tati,BD,Tati BD,,,,0,0.0,,unknown
matosaltagracia@yahoo.com,Tati,BD,Tati BD,,,,0,0.0,,unknown
tmstuder7@gmail.com,Teri,Studer,Teri Studer,,,,0,0.0,,unknown
tiarapolite@yahoo.com,Tiara,Polite,Tiara Polite,,,,0,0.0,,unknown
tiffany_medina@yahoo.com,Tiffany,Medina,Tiffany Medina,,,,0,0.0,,unknown
trmohabir1@live.com,Travis,Mohabir,Travis Mohabir,,,,0,0.0,,unknown
upendra.kamble@gmail.com,upendra,kamble,upendra kamble,,,,0,0.0,,unknown
glo_boo_qt@yahoo.com,Valencia,Seay-Mackey,Valencia Seay-Mackey,,,,0,0.0,,unknown
fla_sweetest@yahoo.com,Valencia,Suprice,Valencia Suprice,,,,0,0.0,,unknown
vanessamartineztorres@gmail.com,Vanessa,Martinez,Vanessa Martinez,,,,0,0.0,,unknown
vaqel@yahoo.com,Vanina,Williams,Vanina Williams,,,,0,0.0,,unknown
vonaguba@gmail.com,Von,Aguba,Von Aguba,,,,0,0.0,,unknown
jossilyzsantiago@live.com,Walter,Yanqui,Walter Yanqui,,,,0,0.0,,unknown
williamdocasio@gmail.com,William,Ocasio,William Ocasio,,,,0,0.0,,unknown
ysilence000@gmail.com,Y. Silence,Escobar,Y. Silence Escobar,,,,0,0.0,,unknown
yahairaburgos78@gmail.com,Yahaira,Burgos,Yahaira Burgos,+14077478786,,,0,0.0,,unknown
jhamguz@hotmail.com,Yair,Guzmán,Yair Guzmán,,,,0,0.0,,unknown
yajaira_yl@yahoo.com,Yajaira,Ayala,Yajaira Ayala,,,,0,0.0,,unknown
ladycruz2007@gmail.com,Yajaira,Rios,Yajaira Rios,,,,0,0.0,,unknown
shaoyan@bellsouth.net,Yan,Shao,Yan Shao,,,,0,0.0,,unknown
yaritmarie@comcast.net,Yari,Marie,Yari Marie,,,,0,0.0,,unknown
pg.yesenia@gmail.com,Yesenia,Pagan,Yesenia Pagan,,,,0,0.0,,unknown
msyomeri@hotmail.com,Yomeri,Recio,Yomeri Recio,,,,0,0.0,,unknown
ysatis.c.ruiz@gmail.com,ysatis,ruiz,ysatis ruiz,,,,0,0.0,,unknown
ysmeira11@gmail.com,Ysmeira,Nina,Ysmeira Nina,,,,0,0.0,,unknown
yudy.napier@hotmail.com,Yudy,Velez,Yudy Velez,,,,0,0.0,,unknown
kercadoyvonne@gmail.com,yvonne,Kercado,yvonne Kercado,,,,0,0.0,,unknown
sandyfigueroa13@gmail.com,Zoraida,Figueroa,Zoraida Figueroa,,,,0,0.0,,unknown
acuclinic1@aol.com,,,,,,,0,0.0,,unknown
aleida.a.ramirez@gmail.com,,,,,,,0,0.0,,unknown
alison_marte@hotmail.com,,,,,,,0,0.0,,unknown
amy.mack326@yahoo.com,,,,,,,0,0.0,,unknown
aponte.giovanna22@gmail.com,,,,,,,0,0.0,,subscribed
arield.advisor@gmail.com,,,,,,,0,0.0,,unknown
asunflower732@gmail.com,,,,,,,0,0.0,,unknown
babylil32@gmail.com,,,,,,,0,0.0,,unknown
bookmeangelchin@gmail.com,,,,,,,0,0.0,,unknown
buchhaar@gmail.com,,,,,,,0,0.0,,subscribed
celjonjr14@icloud.com,,,,,,,0,0.0,,unknown
cespedeselaine@gmail.com,,,,,,,0,0.0,,unknown
ch14alberto@gmail.com,,,,,,,0,0.0,,unknown
david.aj.johns@gmail.com,,,,,,,0,0.0,,unknown
edeneposner@gmail.com,,,,,,,0,0.0,,subscribed
eliteprotections@aol.com,,,,,,,0,0.0,,unknown
emilyholl02@gmail.com,,,,,,,0,0.0,,unknown
estellesimandl@gmail.com,,,,,,,0,0.0,,unknown
fitwithlove@gmail.com,,,,,,,0,0.0,,unknown
gbronstein@yahoo.com,,,,,,,0,0.0,,unknown
gerardoocasass8@gmail.com,,,,,,,0,0.0,,unknown
ghh20329@gmail.com,,,,,,,0,0.0,,unknown
go-vertical@hotmail.com,,,,,,,0,0.0,,unknown
henrimix@aol.com,,,,,,,0,0.0,,unknown
isabelfigueredo@hormail.com,,,,,,,0,0.0,,unknown
jesslatina77@yahoo.com,,,,,,,0,0.0,,unknown
jl16polo@yahoo.com,,,,,,,0,0.0,,unknown
joram2u@yahoo.com,,,,,,,0,0.0,,unknown
josebotta.spain@hotmail.com,,,,,,,0,0.0,,unknown
justin.riberio@gmail.com,,,,,,,0,0.0,,unknown
kevinfordm@gmail.com,,,,,,,0,0.0,,unknown
kischa.hudson@gmail.com,,,,,,,0,0.0,,unknown
larraalejandro@hotmail.com,,,,,,,0,0.0,,unknown
lcubas7@gmail.com,,,,,,,0,0.0,,unknown
leighim02@hotmail.com,,,,,,,0,0.0,,unknown
lilychauvin@gmail.com,,,,,,,0,0.0,,unknown
lirar0292@gmail.com,,,,,,,0,0.0,,unknown
liz@traveleventhosts.com,,,,,,,0,0.0,,unknown
lizzconway3400@gmail.com,,,,,,,0,0.0,,unknown
lugo.leslie82@gmail.com,,,,,,,0,0.0,,unknown
luissungviaindeed6_sb2@indeedemail.com,,,,,,,0,0.0,,unknown
maggie301963@yahoo.co,,,,,,,0,0.0,,unknown
malenievelez@hotmail.com,,,,,,,0,0.0,,unknown
manuelperez3893@gmail.com,,,,,,,0,0.0,,unknown
marcos@tenismrp.com,,,,,,,0,0.0,,unknown
melissacolon69@gmail.com,,,,,,,0,0.0,,unknown
mmatos83165@gmail.com,,,,,,,0,0.0,,unknown
momo61511@yahoo.com,,,,,,,0,0.0,,unknown
nakiita01@gmail.com,,,,,,,0,0.0,,unknown
natarenojulio79@gmail.com,,,,,,,0,0.0,,subscribed
nerlinechavre@yahoo.com,,,,,,,0,0.0,,unknown
nicholsw0709@gmail.com,,,,,,,0,0.0,,unknown
pattyrivera2570@gmail.com,,,,,,,0,0.0,,unknown
pauljonesmentor@gmail.com,,,,,,,0,0.0,,unknown
pockyobsession@gmail.com,,,,,,,0,0.0,,unknown
proverbs31@ymail.com,,,,,,,0,0.0,,subscribed
ptasha742@gmail.com,,,,,,,0,0.0,,unknown
pveras86@gmail.com,,,,,,,0,0.0,,unknown
racevedo83@gmail.com,,,,,,,0,0.0,,unknown
reneralph78@hotmail.com,,,,,,,0,0.0,,unknown
richm2425@gmail.com,,,,,,,0,0.0,,unknown
rrodri1157@msn.com,,,,,,,0,0.0,,unknown
samanthawood9@yahoo.com,,,,,,,0,0.0,,unknown
schloshdog@aol.com,,,,,,,0,0.0,,unknown
smiami170@gmail.com,,,,,,,0,0.0,,unknown
sonyamariej@yahoo.co.uk,,,,,,,0,0.0,,unknown
spierce@ftccollege.edu,,,,,,,0,0.0,,unknown
sritchie17@cfl.rr.con,,,,,,,0,0.0,,unknown
tarinfernandez@gmail.com,,,,,,,0,0.0,,unknown
tasha.blanch55165@gmail.com,,,,,,,0,0.0,,unknown
titoeltito17@gmail.com,,,,,,,0,0.0,,unknown
tpadron83@gmail.com,,,,,,,0,0.0,,subscribed
viviana.melendez0710@gmail.com,,,,,,,0,0.0,,unknown
yadavvinod8835@gmail.com,,,,,,,0,0.0,,unknown
yourdomainguru.judy@gmail.com,,,,,,,0,0.0,,unknown
zstravos_12@hotmail.com,,,,,,,0,0.0,,unknown
